Age,DailyRate,DistanceFromHome,Education,EnvironmentSatisfaction,HourlyRate,JobInvolvement,JobLevel,JobSatisfaction,MonthlyIncome,MonthlyRate,NumCompaniesWorked,OverTime,PercentSalaryHike,PerformanceRating,RelationshipSatisfaction,StockOptionLevel,TotalWorkingYears,TrainingTimesLastYear,WorkLifeBalance,YearsAtCompany,YearsInCurrentRole,YearsSinceLastPromotion,YearsWithCurrManager,Attrition
40,855,1,1,3,92,2,1,3,3392,17091,5,0,13,3,2,0,0,2,2,0,0,0,1,0
34,1283,5,2,4,66,3,1,3,7360,18137,2,0,17,3,3,1,16,0,3,15,0,5,0,0
42,1054,1,5,3,61,1,3,3,10831,15068,0,1,12,4,3,0,17,1,2,1,0,1,4,1
51,505,4,5,3,32,3,1,2,7772,13099,3,1,14,4,4,1,14,0,3,19,8,0,0,1
33,1260,1,3,4,91,2,2,4,8339,8825,1,0,17,3,4,1,15,5,1,0,0,0,0,0
33,535,5,1,2,30,3,4,3,4720,20652,4,1,21,4,4,2,16,2,3,2,1,3,7,0
51,1245,8,2,2,96,4,3,3,2056,20683,2,0,11,3,4,0,16,2,3,1,9,1,4,0
43,702,7,3,4,64,3,2,3,3914,19402,3,0,14,3,4,2,9,2,3,2,1,8,0,0
31,1458,7,5,4,53,2,2,4,4318,18941,0,1,23,4,4,1,9,0,2,1,0,0,4,1
41,867,1,2,3,94,2,2,2,3833,12143,2,0,16,3,1,0,1,1,2,16,2,1,5,0
31,826,1,4,3,31,4,1,2,5051,8379,2,0,24,3,3,3,17,0,4,1,0,0,7,0
31,648,6,2,1,70,2,3,4,6128,21748,1,0,24,4,4,0,22,2,3,5,0,1,2,0
38,805,2,5,3,68,3,2,3,7528,16349,4,0,17,3,3,1,25,5,3,0,5,2,3,0
18,1376,2,3,3,45,3,4,4,4276,13216,1,0,14,3,2,0,5,1,3,8,1,2,4,0
18,1496,1,4,3,60,3,3,2,2000,9732,1,1,21,3,3,1,0,1,1,3,3,0,3,1
30,868,1,3,3,75,3,2,4,3860,9066,1,0,12,4,3,1,15,3,4,19,2,0,3,0
25,948,1,3,1,80,4,2,1,5023,13930,3,0,13,4,2,0,2,1,4,2,0,0,2,0
39,1222,10,2,2,30,1,1,1,9058,21680,2,0,21,3,3,1,16,1,3,1,2,3,1,0
26,1386,1,2,4,95,2,3,4,3700,23618,0,0,16,4,3,1,0,1,4,2,0,0,15,0
21,1093,4,5,3,41,2,2,3,6350,23244,6,0,13,3,4,2,20,2,2,6,1,0,1,0
50,891,1,5,3,46,2,1,3,5681,23640,2,0,19,4,4,0,13,3,3,5,2,1,0,0
33,912,5,4,1,48,2,1,2,5023,23431,1,0,20,3,4,0,0,2,4,7,0,3,4,0
36,1195,1,3,1,32,3,1,3,7826,16962,1,0,11,1,4,1,14,2,3,0,3,0,0,0
21,503,11,4,4,38,3,3,3,3531,11730,4,0,14,2,3,0,12,3,1,4,0,0,2,0
30,1119,10,1,3,99,3,1,4,3686,21566,4,0,13,3,3,1,16,2,3,13,1,2,0,0
37,855,1,3,3,52,3,2,4,4885,11633,2,0,15,3,1,0,18,2,1,0,3,6,2,0
24,1294,11,3,2,38,3,2,3,3568,12542,5,0,21,4,4,0,0,4,4,0,1,2,8,0
39,592,27,3,4,37,3,2,3,6336,11965,1,1,20,3,1,2,8,1,1,6,6,0,3,1
29,1088,8,3,2,80,2,4,3,3440,16754,0,0,19,4,4,2,11,3,3,1,3,1,0,0
33,980,9,2,2,89,3,4,4,5503,13471,4,0,10,3,3,1,9,4,3,5,9,7,10,0
29,1142,1,3,3,47,1,2,1,4674,10620,7,0,12,3,4,2,9,2,2,3,1,1,1,0
54,564,4,4,2,31,1,1,3,5472,15703,3,0,13,3,3,2,20,3,4,21,8,0,1,0
35,1079,1,3,2,45,3,2,1,3905,22856,2,1,14,4,4,1,0,2,3,10,2,0,2,1
25,1061,1,2,3,33,4,2,1,4148,17699,1,0,12,3,3,3,9,2,3,5,4,6,14,0
44,1060,30,2,4,37,3,2,2,5156,22931,2,1,16,4,3,1,10,3,2,1,6,2,0,1
23,1103,1,2,4,60,1,3,3,5437,11329,1,1,11,4,3,1,11,3,3,1,2,2,3,0
38,1176,6,2,3,46,4,1,4,4904,10838,1,0,21,3,4,1,4,4,4,10,5,0,1,0
18,1304,8,3,1,66,3,3,3,11529,17784,3,0,21,3,3,3,29,2,3,4,2,1,0,0
22,769,9,3,2,47,3,1,3,2994,15876,3,1,18,4,4,0,19,1,3,7,2,0,8,1
37,1325,30,3,4,95,4,3,1,4759,19222,6,0,11,4,4,0,29,3,2,2,1,0,2,0
43,998,1,3,3,93,3,2,3,2237,21508,3,0,23,3,4,0,17,1,4,0,0,4,4,0
37,577,1,4,4,69,2,3,2,5919,20772,1,1,24,3,3,0,18,1,3,2,2,0,0,0
34,558,2,2,1,54,3,1,3,2814,24018,4,1,13,3,3,0,11,1,3,0,11,0,4,1
32,834,1,3,3,56,3,2,4,4276,14770,3,0,20,3,2,2,24,3,3,7,4,5,5,0
21,1284,1,4,1,58,3,3,1,4080,11508,2,1,22,3,4,1,16,2,3,6,4,0,1,0
28,1207,2,2,3,80,3,1,2,5655,17365,7,0,18,3,4,0,10,1,4,0,3,2,2,0
31,1288,7,2,4,61,4,3,3,3727,9882,1,0,14,3,4,2,26,0,3,4,1,2,10,0
46,1017,4,4,4,89,4,3,4,3649,12910,0,0,17,3,3,1,1,0,4,10,0,5,5,0
39,940,1,3,3,96,4,2,4,10076,11534,1,0,17,4,2,1,6,2,3,5,0,3,1,0
18,647,5,3,3,53,4,2,4,5666,14741,2,0,16,4,4,0,34,1,3,3,0,2,3,0
39,828,1,1,4,69,4,2,3,3712,9890,5,1,23,4,1,2,17,2,4,1,3,0,4,1
32,934,1,3,4,36,1,2,4,4335,8541,1,0,21,4,4,0,0,2,2,10,5,1,0,0
29,588,7,3,1,44,2,2,1,11188,19165,2,0,13,3,3,0,20,1,3,2,0,5,2,0
42,720,4,1,3,58,3,3,1,4369,18374,1,1,18,4,3,0,3,5,3,9,0,0,12,1
46,1098,7,3,2,44,4,2,4,3481,20042,2,0,20,4,4,2,7,0,4,7,1,3,8,0
45,1235,1,2,3,91,3,1,4,3489,19226,1,1,12,4,1,1,32,4,1,8,1,0,5,1
27,1498,9,3,3,41,3,1,1,3734,9943,0,1,15,3,3,0,25,3,2,22,1,0,0,1
32,1433,4,1,3,61,2,1,1,3650,12948,1,0,23,3,4,0,27,3,2,6,0,0,15,0
39,1142,4,2,3,72,2,2,1,2591,10201,4,0,18,2,4,1,7,0,3,0,1,0,2,0
45,921,4,2,2,78,3,3,1,2801,22330,0,0,13,3,4,1,9,5,2,1,7,9,0,1
31,1136,9,1,3,56,2,3,2,3246,20697,2,1,11,4,4,0,13,2,3,0,1,4,3,1
34,1285,4,5,4,90,3,1,4,6606,11425,3,0,17,3,1,2,18,0,4,1,4,1,5,0
24,618,4,1,4,69,2,5,4,4061,13802,1,1,18,4,2,3,9,1,3,0,2,2,0,1
24,909,23,3,3,60,3,2,4,4431,24432,2,0,15,3,3,0,27,4,2,3,1,1,7,0
44,1339,7,2,4,34,3,4,4,9274,18100,3,0,19,3,3,1,15,2,4,0,5,3,7,0
49,883,2,3,4,62,3,3,3,9390,21619,4,0,11,2,3,0,23,5,3,3,2,3,0,0
35,1071,6,5,2,87,3,3,4,4268,12498,3,0,12,3,4,2,5,5,2,11,0,0,6,0
46,1087,2,2,1,73,1,1,3,3585,11570,5,0,18,3,1,1,8,2,3,6,0,1,8,0
39,684,1,5,4,88,4,1,3,3190,21326,1,0,10,3,3,0,13,2,4,14,4,2,0,0
29,862,4,2,4,64,3,1,3,6949,19659,2,0,23,3,1,2,8,2,3,1,1,7,1,0
39,834,13,4,4,38,3,3,3,4436,19576,2,0,12,4,1,2,20,3,3,3,1,2,1,0
51,526,13,3,4,30,3,2,4,4051,17394,2,0,20,3,3,0,20,2,2,1,0,4,1,0
35,524,2,4,3,51,2,3,4,3272,17580,3,0,15,4,4,0,10,0,4,3,0,3,4,0
51,1331,3,3,3,78,4,2,3,3344,20506,2,0,15,3,2,0,17,1,3,4,4,1,1,0
18,773,1,3,1,85,3,3,4,5767,12590,2,1,21,3,3,1,28,2,4,0,5,4,9,1
44,1018,27,2,2,50,3,1,1,2546,13997,5,1,17,3,3,2,20,2,3,1,2,0,15,1
36,798,19,2,3,64,2,1,4,8082,22817,2,0,20,4,2,1,17,1,2,6,1,0,1,0
33,1440,5,5,3,59,4,2,3,3763,13250,2,0,17,3,3,1,22,5,2,7,8,3,2,0
36,759,8,3,3,58,4,2,1,4560,17287,3,0,18,3,4,2,25,0,2,4,2,0,2,0
18,929,6,3,4,46,2,2,3,2518,19944,1,0,21,4,3,1,24,2,2,1,4,0,2,1
33,1372,4,4,2,39,3,3,3,4884,24998,3,0,19,2,2,1,11,1,2,2,0,1,1,0
39,1341,1,3,3,43,4,1,1,4170,15399,1,0,19,1,3,1,19,2,3,0,1,1,0,0
50,686,3,5,1,33,3,2,4,4793,15277,2,0,21,4,3,2,9,1,3,15,6,5,0,0
30,1302,5,4,3,43,4,4,1,10258,22324,2,1,24,3,1,0,11,3,3,10,1,6,0,1
27,958,5,3,4,30,3,1,4,5371,21693,2,0,15,3,1,0,15,3,3,0,3,1,6,0
30,982,2,4,4,73,3,5,4,3303,20428,2,0,18,3,2,0,0,0,4,0,3,1,0,0
45,633,14,1,4,52,3,5,3,3443,15874,5,0,11,2,2,2,14,1,4,4,0,2,0,0
39,580,1,2,2,98,2,1,3,6618,13506,3,0,15,3,2,1,6,1,2,1,4,1,2,0
30,1227,3,3,3,43,3,1,4,9408,18348,0,1,16,3,3,0,2,2,3,13,0,0,0,0
41,996,5,2,3,54,4,2,3,5658,22895,1,1,22,4,3,3,18,6,1,7,3,2,0,1
36,936,5,4,3,55,3,3,4,6935,23024,1,0,17,3,4,3,9,2,2,1,14,2,2,0
45,1229,5,5,4,30,3,2,3,6666,9844,0,1,20,3,3,3,13,3,3,0,9,0,2,1
28,1265,1,3,4,88,3,3,3,9991,15281,2,1,10,4,4,0,10,3,3,8,4,3,0,0
32,658,1,3,4,32,3,3,4,2000,15900,4,0,16,3,3,2,7,1,4,2,2,1,1,0
32,1110,5,5,2,95,4,1,2,6861,24619,3,0,23,3,1,0,12,0,3,5,3,0,1,0
21,635,4,3,4,92,4,4,3,8037,19525,0,0,13,4,3,0,1,1,2,1,3,2,2,0
38,1251,1,3,1,67,1,3,2,2516,14923,1,1,10,3,4,0,11,1,4,0,0,0,4,1
38,1156,6,3,4,68,4,2,4,3156,8442,3,0,16,3,2,1,27,1,1,5,0,0,0,0
36,1456,3,5,3,75,4,4,4,3211,17611,3,0,20,4,1,0,2,1,2,2,2,3,1,0
33,568,5,3,3,57,4,3,2,3413,9633,2,0,16,4,3,1,23,5,2,1,0,5,4,1
21,557,9,4,3,75,3,1,1,3862,22185,1,0,16,3,3,2,28,5,4,0,7,0,7,1
31,782,1,4,4,33,4,2,1,5548,20792,1,0,20,2,3,0,5,2,3,4,2,5,6,0
32,761,1,3,1,33,2,2,3,7576,15828,0,0,13,3,2,0,14,3,3,6,0,0,1,0
27,746,7,3,3,62,3,1,3,8439,15296,3,0,21,3,2,0,1,3,4,1,1,0,2,0
34,1406,4,4,4,68,4,5,4,3232,23254,2,1,12,3,4,3,0,2,3,6,5,0,2,0
40,749,6,3,3,92,2,1,3,3221,12903,2,0,15,3,3,0,13,0,4,1,7,0,6,0
54,771,9,4,2,37,1,3,2,9489,12233,3,1,19,4,3,1,15,2,3,2,0,0,5,0
37,1259,8,5,3,87,4,2,4,6791,23966,1,1,22,3,3,0,7,2,4,6,4,5,1,0
38,949,16,3,3,44,4,1,3,5122,21757,1,1,21,4,3,2,2,2,4,5,2,0,0,0
35,1276,3,4,4,57,2,4,3,6227,21950,3,0,20,3,2,0,5,2,3,1,2,0,1,0
18,565,3,4,4,52,4,4,1,4842,11318,3,1,15,2,3,1,19,3,3,0,4,2,1,1
35,987,2,4,3,58,3,2,3,6388,10436,3,0,11,3,1,1,19,2,4,0,0,0,9,0
36,533,1,3,4,40,3,1,4,4154,8442,1,0,13,2,3,2,17,3,3,9,2,2,0,0
60,562,4,1,3,65,4,1,3,5621,12029,0,1,22,3,3,0,8,1,3,0,1,1,0,1
34,1406,1,3,1,86,3,2,3,2309,21161,3,0,22,4,2,1,3,2,4,0,0,0,6,0
39,639,12,3,2,60,2,1,3,3484,12080,2,1,24,3,2,0,22,5,3,1,0,2,0,1
35,1032,4,3,3,64,2,2,4,3503,20394,2,0,11,3,2,3,25,0,2,2,0,0,0,0
24,911,4,4,2,89,3,5,2,4075,12282,3,0,18,3,1,1,7,1,3,7,2,0,1,0
47,847,2,3,4,79,3,2,3,3092,14719,2,1,19,2,3,1,10,3,3,1,0,0,2,1
43,1399,1,3,4,64,4,4,4,3763,24713,6,0,20,3,4,1,0,1,1,3,2,1,1,0
43,521,1,2,2,48,4,3,2,2304,12161,1,0,19,4,3,0,16,2,3,0,2,2,2,0
26,1163,2,4,3,91,3,2,4,6466,14398,3,1,21,3,3,0,28,3,4,3,7,1,0,0
50,1463,1,3,4,70,4,4,3,4716,13118,3,0,15,3,3,1,19,1,2,0,2,1,2,0
21,1060,4,2,4,45,2,2,4,2095,9863,1,0,12,4,3,3,29,2,1,1,12,1,1,0
41,1436,10,2,4,48,1,4,3,3237,16328,1,1,13,4,4,0,8,5,4,2,0,0,5,0
57,552,10,4,3,86,4,1,3,5815,14437,1,0,10,3,4,2,1,3,3,7,3,5,1,0
26,918,5,3,4,33,1,1,4,3746,19813,1,1,15,3,4,0,24,1,2,6,0,6,1,1
30,760,1,2,3,99,2,4,2,3468,21899,3,0,11,3,4,3,13,3,4,2,3,1,2,0
36,1230,9,5,3,39,3,2,3,4734,17252,2,1,14,3,2,0,4,4,3,0,1,0,0,0
30,1481,10,4,1,85,3,4,2,5835,8547,2,0,19,3,3,0,26,3,3,1,2,1,0,0
20,756,1,5,2,57,4,4,1,2396,18521,0,0,23,3,4,1,7,2,3,3,1,0,4,0
36,1154,6,3,3,64,2,1,4,6470,8941,1,1,22,3,3,2,3,4,2,10,0,1,0,1
25,698,1,3,2,91,1,2,3,3293,18478,5,0,13,3,4,2,16,3,4,17,3,0,3,0
40,1065,8,4,1,58,3,2,4,4870,19645,0,1,12,3,2,1,1,0,3,5,7,2,0,0
26,963,29,3,4,67,3,3,2,4828,11362,2,0,12,4,3,1,20,2,3,2,0,0,5,0
51,1472,1,4,1,33,3,3,3,3776,21928,5,1,24,4,4,0,2,1,4,5,7,6,13,1
28,1108,11,2,3,30,3,1,2,2945,23488,1,0,18,3,3,0,14,3,1,2,0,0,1,0
32,849,4,3,3,47,4,2,4,4260,21822,1,0,12,3,4,0,14,1,1,4,3,2,2,0
44,614,18,2,4,77,4,3,4,11077,13186,2,0,22,3,1,1,14,1,2,1,9,4,1,0
23,651,3,2,3,38,2,1,1,2487,17972,1,1,15,3,4,1,1,1,1,1,0,0,6,1
38,725,9,1,1,37,3,3,4,11454,23551,0,0,23,4,4,2,10,0,3,0,1,5,0,0
49,750,1,1,3,58,3,2,2,4316,13451,3,0,13,3,3,2,22,0,3,2,1,0,3,0
19,1350,2,5,4,75,4,5,3,5002,21940,0,0,15,3,1,0,10,2,2,4,1,6,3,0
37,1061,1,2,4,79,4,2,4,2854,8161,1,0,17,3,1,2,2,3,2,7,4,7,1,0
38,1023,18,3,3,42,2,1,4,3342,8061,2,0,23,3,4,0,8,1,2,8,3,0,0,0
43,614,8,4,3,35,3,2,4,3822,20915,2,0,23,3,4,2,1,3,4,24,10,3,0,0
23,1360,9,3,4,95,3,1,3,2913,20944,0,0,18,3,2,0,0,3,3,0,0,0,4,0
22,1222,13,2,2,48,1,5,1,4427,21412,3,1,13,3,1,2,10,1,3,3,2,0,0,1
41,567,1,4,3,89,1,1,2,4009,23810,2,0,16,2,4,1,12,3,3,3,1,0,2,0
38,1207,2,3,3,90,3,3,3,12399,10004,0,0,24,3,4,1,17,1,3,8,7,0,1,0
38,1043,1,4,1,84,3,2,4,2743,11943,3,1,19,3,2,1,15,2,1,1,0,2,0,1
39,581,1,4,3,41,1,2,2,5173,23363,3,0,21,2,3,0,16,3,4,0,13,1,2,0
29,958,1,5,2,87,3,1,4,5563,11013,2,0,16,4,4,0,11,1,4,1,1,3,6,0
38,984,3,3,4,83,2,3,3,2877,19597,4,0,17,3,3,1,29,6,3,20,2,0,2,0
38,665,1,3,4,71,3,2,3,6928,17017,1,1,16,4,4,2,5,5,3,11,1,6,4,0
28,1445,1,3,2,53,3,1,4,4027,9414,2,1,20,3,3,0,9,2,3,2,5,0,2,0
54,1349,1,1,4,48,2,4,3,2000,12849,3,0,22,2,3,0,25,1,2,10,2,0,3,0
40,1169,1,4,1,38,3,2,4,6835,16846,2,1,17,3,3,1,8,1,2,0,3,2,1,1
24,962,18,2,3,65,2,2,2,2811,22489,4,0,17,3,4,1,11,1,3,1,3,4,7,1
42,911,7,3,1,70,3,2,4,2910,20028,1,0,15,4,3,1,15,0,1,6,1,3,2,0
26,1150,17,4,4,55,2,1,1,6932,18572,1,0,12,1,2,2,21,2,1,1,0,1,2,1
43,1045,2,3,4,63,3,4,2,4131,16432,5,0,24,3,3,1,13,1,3,1,4,0,2,0
47,562,1,3,4,55,2,2,4,7776,13077,3,0,14,4,4,0,4,1,4,9,1,0,1,0
27,1012,8,3,4,74,3,1,4,9000,10027,2,0,22,3,3,0,8,3,4,4,5,1,0,0
45,1306,1,4,3,93,4,2,2,3560,14954,5,0,20,3,3,1,16,1,1,22,2,1,0,1
40,959,1,3,4,41,2,2,3,7307,8484,4,1,21,3,3,1,9,4,2,0,1,0,3,1
44,551,1,4,4,56,3,2,3,3368,11587,4,0,24,3,2,0,8,2,3,2,2,1,1,0
54,1286,1,1,4,39,1,3,2,15011,15352,5,0,19,3,1,3,4,1,4,1,3,2,1,0
33,701,1,4,3,73,3,1,4,3475,15116,3,0,23,3,3,0,21,0,4,10,3,2,7,0
28,758,2,4,1,81,2,1,4,8209,8753,3,0,12,4,3,1,11,2,4,1,5,0,2,0
27,664,5,2,3,95,3,3,2,7494,18014,1,0,19,4,4,0,11,0,3,2,0,1,0,0
27,830,1,3,2,49,3,1,3,5756,17344,5,1,21,2,4,2,17,2,2,0,8,0,4,1
35,1256,1,2,3,96,4,4,4,3514,9327,8,0,14,3,4,2,1,1,1,7,1,0,0,0
39,1019,8,4,3,34,3,1,3,4556,24033,0,0,21,3,3,0,12,0,1,1,5,3,2,0
38,704,1,3,3,72,3,4,3,2000,9689,2,0,21,3,4,3,24,1,3,0,0,2,2,0
44,1377,2,3,1,33,3,2,1,5498,22532,0,0,22,3,1,0,11,1,1,2,0,2,0,0
36,1379,9,2,2,92,4,2,3,5853,8005,0,0,14,4,1,1,13,2,3,2,2,0,0,0
50,1370,1,2,3,67,4,1,2,5254,22998,2,0,20,3,2,2,13,2,3,0,1,4,0,0
33,738,1,1,4,76,2,1,4,2000,8335,0,0,14,3,3,2,20,0,1,0,12,0,0,0
60,951,3,3,3,88,4,1,3,2610,20882,2,0,21,3,2,3,13,1,4,11,0,4,0,0
42,1484,1,3,3,40,3,1,2,3381,14148,2,0,16,3,3,2,31,4,3,0,0,0,15,0
27,1272,4,4,4,32,4,2,4,5686,20549,3,0,18,3,3,3,13,1,4,0,0,0,1,0
25,527,8,3,3,91,4,2,1,5679,14829,1,0,16,3,3,0,8,0,4,1,0,0,5,0
40,565,1,3,2,52,2,2,3,4513,9205,1,0,12,3,3,0,24,2,2,15,2,0,2,0
33,963,4,5,3,39,3,3,3,6752,21047,0,1,12,3,3,1,10,3,3,0,2,1,3,0
43,1409,3,4,2,62,2,3,2,2942,9211,4,0,11,3,2,2,7,5,2,8,1,5,0,1
40,1038,1,5,4,71,2,2,4,6668,23676,1,1,19,3,1,1,2,3,4,11,0,0,0,0
35,997,4,3,2,32,2,2,4,6231,8866,1,0,22,4,2,0,15,2,3,2,0,1,2,0
27,605,1,2,3,49,3,2,1,5935,16148,2,0,10,3,1,2,8,4,4,1,0,4,6,1
20,1156,3,1,1,32,2,2,4,4487,20291,0,0,10,3,3,3,5,0,2,5,4,1,0,0
31,1322,1,4,2,59,1,4,3,12275,14685,2,0,16,3,4,1,7,0,3,6,4,0,2,0
44,880,3,2,4,92,3,1,4,6289,11692,2,0,21,3,3,0,9,0,4,7,4,9,0,0
38,1275,1,3,2,98,2,1,3,3028,20904,2,0,12,4,3,0,18,1,3,8,10,0,1,0
23,1464,8,3,1,74,2,3,3,5564,21333,0,1,14,3,4,0,15,0,1,1,6,1,2,1
37,703,1,3,3,41,2,1,3,7159,23685,4,0,13,4,2,1,10,4,3,5,2,3,4,0
39,1023,2,3,1,93,3,4,3,3662,14394,5,0,15,3,2,3,16,2,2,0,1,0,0,0
27,787,3,2,1,66,3,4,3,8472,16606,2,0,13,3,3,0,11,4,1,3,7,2,0,0
37,1292,6,3,4,40,1,1,2,5949,14173,1,0,15,3,3,1,13,4,3,4,2,0,1,0
36,1077,4,3,4,94,4,1,4,2000,12370,1,0,20,3,3,1,6,0,2,0,1,0,15,0
24,1134,5,5,4,83,3,2,3,5709,20767,2,0,19,3,4,0,6,1,4,0,2,0,1,0
39,1297,7,4,4,81,3,2,4,4011,13774,1,1,11,4,1,1,13,1,3,1,14,6,1,1
41,895,9,5,4,79,3,1,2,6429,15278,2,0,19,2,3,2,13,3,3,2,5,4,1,0
46,1415,1,4,1,44,3,3,4,7880,14862,3,0,17,3,2,2,20,1,1,10,0,0,0,0
46,1033,3,3,4,44,3,2,4,5418,20115,2,0,24,3,4,1,15,3,1,3,9,0,4,0
22,657,9,2,4,78,2,2,4,11300,23602,2,0,14,3,4,2,8,2,1,6,11,0,0,0
26,1195,22,3,4,45,2,1,4,4494,19334,1,0,20,3,3,0,1,2,2,0,0,1,3,0
41,1293,11,3,3,60,4,3,4,6717,16016,5,0,20,3,1,0,19,1,3,0,6,4,1,0
41,816,2,3,2,84,2,1,3,7350,21246,0,0,13,3,2,0,14,0,3,1,6,6,2,0
41,1357,1,3,4,84,3,4,3,4681,18896,3,0,23,3,2,0,19,1,4,1,0,2,0,0
60,1406,3,3,4,61,4,2,2,7254,9030,0,1,17,4,3,0,15,1,3,3,3,1,6,0
41,776,6,3,4,85,3,2,3,3650,9626,2,1,20,3,3,0,26,1,1,10,1,0,0,1
47,1483,3,3,2,88,3,4,2,3978,8644,3,1,12,3,4,1,10,6,2,2,3,0,3,1
45,640,3,2,2,75,3,4,4,2549,15765,2,0,13,4,3,1,12,2,4,3,7,1,4,0
42,702,9,4,2,45,1,2,3,5545,22039,2,0,18,4,2,0,18,3,3,0,2,1,2,0
32,684,2,2,4,49,3,1,3,5782,13322,2,0,14,3,2,0,18,4,4,0,1,3,1,0
43,1393,9,1,2,52,3,3,2,8862,14530,3,0,17,3,2,1,14,2,2,0,7,0,11,0
28,1154,2,3,1,38,4,2,4,7299,23461,2,0,15,3,2,0,0,1,2,6,10,0,0,0
33,652,1,3,4,49,4,1,1,4262,22227,0,0,19,3,4,1,0,0,2,3,0,1,8,0
31,940,3,3,1,44,4,4,1,2726,19305,1,0,17,4,1,2,8,2,4,1,7,6,0,1
36,1115,7,2,4,61,4,1,2,6102,12535,4,1,10,4,4,0,12,2,2,4,0,3,1,1
59,583,1,3,3,93,3,1,4,8564,9989,2,0,19,4,3,0,0,2,3,3,1,0,0,0
18,1382,1,3,4,37,3,1,4,7169,8272,2,1,16,3,3,0,11,6,3,0,4,4,0,1
42,1303,15,5,3,80,3,3,4,8452,9819,1,0,15,3,3,0,17,1,3,5,4,1,0,0
19,1005,1,5,4,78,3,3,4,4420,12974,1,0,11,3,4,3,11,4,2,7,3,0,0,0
31,1467,4,3,4,36,4,2,2,3892,17380,2,1,13,3,3,0,14,2,3,1,0,0,12,1
46,917,4,3,1,94,2,2,4,3400,9088,1,0,13,3,3,1,16,0,1,5,0,1,4,0
36,1484,3,4,1,69,4,2,2,4779,10315,1,1,24,3,2,2,0,4,4,1,8,1,0,1
25,1167,5,1,2,55,4,3,1,4725,11078,3,0,16,3,4,0,17,2,1,7,0,2,0,0
28,1134,1,3,4,82,4,1,1,5449,18743,3,0,10,3,3,0,6,2,1,12,0,1,3,0
42,665,4,3,4,48,4,4,3,4607,18468,1,1,12,4,3,2,10,3,3,2,5,0,1,0
28,1381,2,5,3,78,2,1,4,4597,17363,3,0,11,3,3,2,6,1,4,1,3,0,5,0
38,927,5,1,3,32,2,5,3,3333,12258,3,0,18,4,1,0,20,0,2,2,1,3,2,0
36,662,1,3,2,88,2,1,4,7869,14309,2,0,12,4,2,0,2,0,3,1,0,2,3,0
29,512,4,4,4,61,2,3,3,5106,9643,1,0,17,4,2,2,23,4,1,0,6,1,2,0
57,1059,1,3,4,74,3,1,2,4504,11849,3,0,15,4,4,0,31,3,1,5,13,0,3,0
42,1027,1,1,2,45,4,1,3,3382,23260,2,0,22,3,3,0,0,1,3,0,0,0,0,0
18,1219,1,5,3,77,4,4,4,2525,24654,2,0,14,3,4,0,7,0,2,1,2,0,1,1
37,1390,1,3,1,84,3,4,4,9452,19010,2,0,16,3,4,0,16,0,3,6,0,0,0,0
29,579,8,3,3,63,1,2,3,6485,23585,3,0,20,3,2,0,4,1,4,5,5,1,2,0
44,1231,1,2,3,73,2,3,3,2182,18926,1,0,16,3,3,1,9,0,4,0,1,3,1,0
28,687,13,3,2,61,1,2,2,7198,8564,3,0,21,4,4,2,13,2,2,5,3,0,4,0
34,1358,17,3,3,92,3,4,3,7795,24944,1,0,19,3,3,1,6,1,3,13,2,3,0,0
41,1319,4,1,3,64,3,2,4,5230,9682,5,0,16,3,3,0,12,3,4,0,2,2,1,0
44,1040,1,2,3,88,1,2,1,10927,19604,2,0,17,3,4,1,19,3,4,2,5,0,0,0
23,1210,2,4,3,86,3,2,4,5477,12298,1,0,24,3,1,2,11,0,2,6,1,2,2,0
32,814,7,2,1,58,2,2,3,2420,14663,2,1,19,3,4,0,3,3,3,5,5,0,5,0
31,971,2,2,4,46,3,4,2,5899,18980,2,0,23,1,2,0,21,2,4,1,1,2,4,0
29,1321,1,3,4,58,3,1,4,5554,15420,1,0,12,3,3,0,23,2,3,0,0,0,8,0
53,959,4,4,3,87,3,1,3,3634,12259,0,0,17,4,2,0,14,2,4,7,1,0,10,0
40,857,9,1,1,45,3,2,3,6547,13685,2,1,23,3,4,3,4,5,3,15,2,1,4,0
23,994,7,3,4,66,4,3,2,2134,13806,3,1,14,1,3,1,4,4,2,7,1,0,1,1
45,1328,1,2,4,86,2,1,2,8064,24308,1,0,24,3,3,0,0,2,2,16,4,0,0,0
57,835,5,1,2,54,3,2,4,3168,21576,2,0,11,3,4,2,7,5,1,4,2,0,1,0
46,673,1,1,3,74,3,5,3,3003,15795,4,0,23,3,4,0,20,1,2,13,6,1,15,0
20,1212,1,4,2,47,3,1,4,4642,11396,2,0,16,3,4,0,6,1,4,5,2,3,1,0
31,1325,10,2,3,37,4,3,2,6102,21787,2,0,11,4,2,0,4,2,3,11,0,0,0,0
48,600,1,1,2,85,3,3,2,5334,10672,2,0,23,2,4,1,20,2,3,0,0,0,8,0
28,739,1,3,3,36,3,2,1,3390,11577,2,0,13,3,3,0,21,0,3,8,6,1,1,0
40,641,1,4,4,48,1,4,3,3815,14222,3,0,10,4,3,0,7,2,3,1,0,0,3,0
43,847,10,2,3,89,3,3,4,2789,22965,2,0,12,4,4,0,16,1,2,0,0,1,4,0
26,950,7,3,3,54,2,2,4,4392,10240,1,0,19,3,2,0,5,2,4,3,0,0,5,0
35,1248,4,1,3,98,2,2,3,8412,10077,2,0,24,3,2,1,9,0,3,1,1,2,5,0
18,1151,6,3,3,98,3,3,4,4904,16397,2,1,11,2,3,2,0,3,3,0,2,1,5,0
25,1120,1,3,1,48,3,2,4,7553,12698,1,0,16,3,4,2,14,3,4,19,0,0,3,0
33,852,3,3,1,32,1,4,1,10175,17668,2,0,12,3,3,1,11,2,3,5,2,1,1,0
23,1341,2,3,4,79,3,2,4,3662,15677,0,0,21,4,3,3,6,0,4,11,1,1,3,0
52,971,1,3,1,61,3,1,3,4477,15394,4,0,11,3,3,0,11,1,4,30,4,0,5,0
21,1479,3,2,4,37,2,1,2,14553,9903,3,1,13,3,3,0,10,3,2,2,5,0,1,1
31,1134,12,3,4,79,3,1,2,10119,10397,2,0,12,3,4,1,5,1,1,1,3,0,1,0
37,626,1,1,2,32,3,1,3,2129,21958,5,0,18,4,2,0,15,4,4,1,1,1,1,0
50,1176,1,4,3,90,3,4,3,5964,23060,4,0,23,3,4,1,9,1,3,3,0,0,2,0
21,825,1,5,3,39,3,3,2,4916,11989,2,0,17,3,4,0,10,1,1,4,5,1,0,0
47,1186,1,5,4,38,3,3,2,7429,9928,1,0,10,3,3,0,0,2,3,3,1,2,4,0
36,569,11,4,4,42,3,2,4,3386,8908,0,0,18,3,3,1,10,2,3,2,1,3,0,0
26,674,3,3,4,97,4,4,4,3229,18341,0,0,21,4,1,3,10,2,4,0,7,2,0,0
40,1355,3,4,1,78,3,2,4,3505,20161,2,1,11,3,4,0,5,3,4,2,11,2,0,0
37,727,7,2,4,86,1,4,2,3692,14337,0,1,11,3,3,0,16,3,4,0,6,1,2,1
29,1337,1,3,3,57,3,2,2,7388,19554,4,1,12,2,3,2,0,2,4,10,15,8,1,1
36,779,3,3,3,53,4,4,2,2722,20120,1,0,21,4,3,0,8,2,1,0,6,0,1,1
32,1142,2,3,1,46,1,3,2,3600,23900,2,1,18,3,3,0,14,1,3,2,3,0,8,1
37,1194,4,4,2,63,4,1,3,2009,9102,3,1,18,4,4,0,28,1,2,0,1,0,5,1
42,1012,30,2,4,68,4,2,3,8131,11268,2,1,13,3,4,2,1,1,2,7,9,1,5,0
51,805,7,3,3,74,1,2,4,9279,9164,5,1,14,3,3,2,12,0,4,1,6,0,2,0
23,712,2,5,3,47,4,1,4,4173,22755,1,0,24,3,3,1,16,2,3,0,0,0,6,0
57,533,8,1,3,96,3,2,2,4234,21473,0,1,13,3,4,0,12,3,4,3,2,1,4,0
18,803,1,3,4,41,4,2,3,6164,17768,3,0,23,3,3,0,2,3,1,12,0,6,9,0
34,1153,1,5,4,97,3,1,4,10272,9422,2,0,18,3,1,0,8,4,4,11,9,6,0,0
41,1438,1,3,2,31,3,5,3,6028,12646,3,1,11,3,4,3,0,4,2,1,2,2,0,1
38,1371,2,3,1,63,3,3,2,3467,13061,2,0,17,3,3,1,12,1,2,6,0,0,0,0
29,1266,3,2,2,53,4,4,3,2187,17532,0,0,24,3,3,0,0,6,3,0,1,4,7,0
33,1288,4,3,4,61,1,3,2,2814,12386,2,0,16,4,1,1,15,3,3,0,11,4,2,1
31,1164,12,4,3,69,3,2,1,5098,9240,1,1,22,3,4,1,6,1,3,3,2,4,1,1
30,760,3,3,3,60,2,2,4,3541,20422,3,0,13,3,3,3,6,2,4,1,1,2,2,0
44,1407,3,3,3,59,3,3,4,5418,13084,3,0,18,3,4,2,13,4,3,8,2,0,5,0
39,1170,1,1,3,81,3,5,2,3727,15690,1,1,22,3,4,0,14,2,2,13,0,0,7,1
29,1060,1,1,4,78,3,1,1,2895,10170,0,0,23,3,4,2,18,2,2,0,0,4,3,1
44,610,4,5,3,88,3,4,4,2728,21643,3,0,17,4,4,1,9,1,3,1,2,0,4,0
39,947,2,3,1,47,2,4,2,10734,17614,1,0,19,3,1,0,11,0,3,2,2,0,1,0
44,960,9,3,2,72,2,3,3,7665,23326,6,0,10,3,4,1,0,1,3,4,1,1,1,0
42,1364,1,1,3,70,1,4,1,11675,16423,2,0,13,3,1,1,23,1,2,12,2,0,6,0
27,1046,1,3,4,55,3,2,2,6438,24004,1,1,14,4,4,0,4,5,4,11,0,4,4,1
30,880,2,5,3,64,4,5,4,3963,23161,2,0,11,3,3,1,17,1,1,5,8,0,3,0
43,1476,1,3,4,51,2,3,4,9524,17799,2,0,14,1,3,1,17,2,3,1,1,0,0,0
42,610,1,2,4,39,4,1,2,4834,23876,0,0,14,3,1,0,15,1,3,7,0,10,0,0
35,922,6,3,2,44,3,4,3,5488,13492,3,0,24,3,4,0,10,4,2,1,0,0,0,0
37,542,1,4,1,37,3,2,2,4810,14215,1,0,20,2,2,1,9,2,4,16,0,4,2,0
48,1239,4,3,1,77,3,2,1,2000,8773,2,0,16,3,3,0,11,1,3,0,0,1,2,0
30,1418,1,4,4,76,4,2,4,10963,18016,2,0,24,3,4,2,0,1,3,4,1,2,8,0
41,780,1,3,2,96,2,1,4,6282,20272,3,0,12,3,4,0,11,1,3,0,4,0,3,0
33,1358,2,4,3,81,3,2,3,5795,21149,1,0,17,3,1,0,23,4,4,2,0,1,1,0
33,792,8,3,3,33,3,4,4,4765,10546,1,0,19,3,3,0,10,3,3,5,1,0,0,0
46,1410,2,2,4,91,3,1,4,5333,15550,2,0,10,3,1,1,11,0,3,5,7,6,5,0
44,1253,6,3,1,90,4,1,4,3645,11006,1,0,20,3,3,1,3,0,2,7,1,0,1,0
44,1304,1,2,3,61,1,1,1,6689,19256,3,0,11,3,4,1,13,0,1,4,4,0,3,0
49,518,7,5,3,71,3,2,2,2556,10685,1,0,12,3,3,0,5,1,2,1,0,4,2,1
36,1462,1,4,3,98,3,3,4,5393,23370,4,0,12,3,2,2,18,1,4,11,0,1,0,0
42,1226,5,3,4,67,3,3,3,6507,11920,0,0,23,3,3,0,21,3,3,8,1,1,0,0
32,804,4,3,2,93,3,5,4,4450,12953,2,0,20,3,4,0,22,3,4,0,0,2,1,0
39,1329,13,2,4,35,3,2,4,5916,22465,5,0,19,4,2,0,0,2,2,8,7,0,1,0
34,781,2,4,4,43,4,1,4,2993,15793,3,1,18,3,3,0,17,4,3,17,0,0,3,0
36,1372,1,3,3,60,3,4,2,3032,8407,3,0,14,3,3,0,17,1,4,5,2,5,3,0
41,612,1,2,4,70,4,3,4,5532,16407,2,1,19,3,4,0,8,2,1,1,2,0,10,1
27,1203,8,3,3,87,3,2,3,6899,9437,4,1,16,3,4,0,21,0,3,4,0,0,5,0
56,1040,3,1,2,99,2,3,4,2000,24750,3,0,12,3,3,2,15,1,4,2,3,2,2,0
25,596,7,3,4,57,1,4,2,6380,17997,0,0,20,3,3,0,22,1,4,5,1,0,2,0
23,741,1,3,3,33,1,3,3,3745,12361,1,0,11,3,3,2,1,2,4,3,3,2,3,0
47,512,2,2,3,86,3,2,4,4463,17583,6,0,12,3,2,1,6,2,4,13,5,1,0,0
43,968,1,5,3,72,3,3,3,2515,9306,4,1,22,4,2,0,12,3,3,4,1,3,15,0
42,801,16,2,4,43,3,1,3,3210,21598,5,0,19,4,3,1,21,2,2,1,1,0,2,0
42,1098,5,2,3,64,3,2,4,7966,23730,3,0,19,3,2,1,15,1,3,6,0,0,7,0
35,797,13,2,1,81,1,2,3,4996,22865,3,1,16,4,4,0,4,2,4,1,0,3,10,1
27,799,1,4,3,83,2,1,3,4058,13809,0,0,15,3,1,3,26,2,3,1,0,0,2,0
36,1243,4,3,4,64,2,1,1,4636,13538,2,0,20,4,1,1,9,2,2,2,9,1,0,0
29,548,5,3,4,51,3,1,4,6276,8596,2,0,21,4,3,2,4,2,3,0,1,3,2,0
45,1402,1,1,3,98,2,3,3,6125,19073,3,0,17,4,2,2,5,1,3,17,0,2,2,0
34,1352,9,1,4,76,2,3,3,4733,17093,1,0,24,3,3,0,1,0,2,3,0,1,4,0
27,1167,14,3,2,58,4,5,1,8488,15808,5,0,24,4,3,0,0,0,3,7,1,0,0,0
32,1093,10,4,3,49,4,2,3,7984,23429,7,0,16,3,4,0,11,2,3,1,0,2,1,0
40,1392,6,4,4,81,2,2,1,6043,10853,3,1,22,3,4,2,0,3,3,6,1,0,7,0
30,685,1,1,4,46,3,4,1,5050,8164,2,0,18,3,4,2,14,2,3,4,0,5,14,0
27,578,1,3,4,42,3,1,3,6827,9246,4,1,17,4,2,1,19,2,2,2,0,0,0,1
38,739,16,5,4,67,4,3,2,5751,11797,1,0,10,2,4,0,15,5,3,17,3,3,6,0
38,1294,1,3,1,50,3,3,2,8353,8565,0,0,18,3,3,0,12,2,3,3,7,1,0,0
30,534,6,4,4,74,2,1,4,7706,16548,2,0,23,3,3,2,0,2,3,5,1,0,5,0
31,1082,6,2,3,38,3,4,1,2953,13339,2,1,21,3,3,3,18,2,2,0,5,1,0,1
38,1495,4,5,2,75,3,3,3,2855,11068,0,0,21,4,3,0,27,3,3,1,0,0,9,0
21,1355,23,4,2,49,2,1,2,3461,20751,2,1,12,4,4,0,23,2,3,10,4,0,3,1
21,1021,1,5,3,30,3,1,3,8006,11475,0,0,15,3,3,0,1,2,4,7,0,0,1,0
28,563,2,3,2,38,3,1,4,2234,19689,1,0,13,3,3,0,11,4,4,3,5,4,0,0
33,1331,1,3,3,95,3,2,4,5987,13937,0,0,14,3,2,2,9,2,4,11,6,0,0,0
39,1098,2,5,2,90,2,2,2,5891,16701,2,1,18,3,4,1,8,1,3,3,4,7,3,1
50,614,1,2,2,46,3,2,1,8789,23875,1,0,15,3,4,1,12,3,3,4,5,0,6,0
44,593,2,3,3,84,1,1,1,5378,8634,1,0,18,3,3,1,29,1,2,2,2,2,4,0
34,1409,8,4,3,72,4,4,3,2510,16504,0,0,16,3,4,0,12,2,3,4,0,3,5,0
35,1169,13,4,3,97,2,2,4,3042,22525,0,0,14,3,4,0,8,1,3,1,3,5,4,0
25,1329,1,5,4,56,1,1,2,2721,17995,1,1,11,3,3,2,14,2,3,2,1,0,11,1
35,1378,2,2,4,77,3,2,2,3755,12706,0,0,23,3,3,1,1,1,3,16,0,2,4,0
33,1071,13,4,4,34,4,2,1,4485,14760,7,0,10,3,3,0,6,3,2,0,1,0,0,1
39,1017,1,4,3,57,4,2,3,2744,19564,1,0,10,2,1,0,19,2,2,0,3,0,4,0
27,930,1,1,4,97,3,1,4,10253,23143,4,0,22,4,3,0,13,2,4,0,0,2,1,0
41,816,1,3,2,67,2,1,3,2533,8698,2,1,24,3,3,0,28,2,2,1,2,0,15,1
51,934,4,2,2,50,3,3,4,9633,9216,4,0,20,2,3,1,14,1,2,2,3,0,1,0
34,1273,1,3,3,38,3,5,3,8889,13525,2,1,10,3,4,1,2,3,4,0,0,0,1,0
40,1101,17,5,4,79,2,2,2,7701,11957,2,0,13,4,1,1,0,2,3,3,1,0,0,0
42,1392,2,3,2,75,4,2,2,3474,12503,2,0,24,4,2,2,20,2,2,4,10,0,3,0
31,943,3,4,1,56,2,2,4,5832,11761,4,0,22,3,2,1,3,2,2,6,6,4,0,0
38,1107,1,5,2,96,4,3,3,2594,11329,1,0,18,3,1,0,2,0,2,18,1,0,9,0
36,1131,3,3,4,31,4,2,3,7750,10220,2,1,13,3,2,0,7,2,3,4,1,2,1,0
36,1091,5,4,3,51,3,4,4,4736,23877,3,1,10,4,4,2,19,3,4,0,0,2,1,0
28,1202,6,3,2,94,4,2,3,4005,10451,5,1,10,3,2,1,9,2,2,0,0,1,0,1
36,737,7,4,3,52,3,2,4,2665,11474,1,1,19,4,3,0,5,4,4,7,1,2,0,0
40,1012,4,2,3,47,2,3,3,2000,12186,2,0,10,3,2,1,21,2,2,5,8,2,1,0
50,604,11,5,4,67,3,5,4,2924,23861,0,1,24,3,3,1,20,2,2,0,9,1,1,1
45,884,8,2,2,87,1,3,2,8573,20847,3,0,12,4,4,2,25,4,4,1,5,0,0,0
57,987,7,3,4,37,3,1,4,4018,21424,3,0,20,3,3,3,22,1,2,6,1,5,0,0
28,1152,1,4,3,96,3,2,4,4515,9780,0,0,12,1,4,1,20,2,4,4,0,7,1,0
44,1450,1,3,4,85,3,2,3,6821,22217,1,0,18,3,4,2,5,1,3,4,2,2,4,0
37,1100,1,3,1,42,3,2,4,12122,14939,0,0,11,4,3,0,17,2,1,1,3,0,1,0
57,1243,5,3,3,79,3,3,4,9532,12467,0,1,21,2,3,1,21,3,3,4,1,1,1,0
27,1006,2,4,3,56,4,4,1,3022,17787,1,0,18,1,3,2,26,2,3,7,3,1,1,0
27,1134,2,2,3,58,1,3,3,2000,21977,3,0,11,3,4,1,13,2,4,10,4,2,2,0
30,570,10,1,1,84,3,5,2,15991,21237,2,0,22,4,2,1,8,2,3,6,4,2,1,0
18,754,11,2,4,97,2,1,4,15282,23129,5,0,18,4,3,2,4,2,3,4,2,1,2,0
30,861,11,3,2,38,3,4,4,5400,23778,2,0,23,3,3,0,19,2,2,5,4,2,13,0
28,972,1,2,4,59,2,3,1,2603,12048,2,1,23,3,3,0,6,0,3,3,0,0,0,1
37,545,5,3,4,63,3,2,2,7955,15205,2,0,23,3,4,1,12,4,2,1,3,2,0,0
39,640,1,3,3,56,2,3,3,4656,8248,1,0,11,3,3,2,4,0,1,10,0,0,0,0
54,776,1,1,4,55,2,1,3,4644,22948,2,0,11,4,3,2,10,2,4,3,0,2,1,0
45,1471,1,3,4,33,4,3,1,7686,10627,1,0,24,3,3,1,15,1,2,4,0,0,0,0
30,831,2,4,3,77,1,2,3,5809,22645,0,0,17,3,2,2,14,0,2,23,0,0,1,0
27,982,2,2,4,60,3,1,3,2716,13599,4,0,13,3,2,2,17,1,3,21,14,0,7,0
40,696,8,3,2,43,1,3,1,4178,14258,1,1,21,3,3,0,1,3,4,4,1,4,0,1
22,1110,1,3,3,87,3,3,4,6840,8665,3,0,13,3,3,2,11,1,1,0,7,1,1,0
54,780,6,3,4,86,3,1,4,6343,13556,1,0,20,3,3,0,8,1,2,2,0,0,4,0
47,706,3,4,3,64,3,1,4,5602,23102,2,1,22,3,1,0,4,4,1,13,0,3,0,0
31,1016,1,3,3,50,2,2,4,7837,8434,2,0,21,3,3,0,6,1,1,1,2,1,0,0
18,505,3,3,3,74,3,2,2,4101,14907,1,0,14,3,4,0,4,3,3,30,1,1,2,0
49,507,1,1,4,50,3,4,2,5374,8533,2,1,16,3,4,0,14,3,3,0,3,1,0,1
34,719,4,3,4,46,4,4,2,2000,14305,0,0,16,4,2,0,15,3,3,4,1,0,4,0
48,536,2,3,3,81,3,2,4,3925,10934,2,0,17,3,3,0,19,3,3,3,5,0,0,0
20,608,1,1,4,32,3,3,4,7200,12287,1,0,12,4,4,0,14,1,4,1,1,0,2,0
30,838,1,3,4,36,2,2,4,4043,22919,1,0,16,3,3,1,13,1,3,14,2,2,4,0
36,1302,3,5,1,30,2,3,4,3892,15412,0,0,17,4,4,2,12,0,4,4,1,0,0,0
36,1072,11,3,2,40,2,1,3,2919,12654,3,1,17,3,4,2,17,1,3,1,3,1,0,1
31,1012,2,3,4,34,2,2,3,8116,18018,1,0,22,3,2,2,0,1,4,2,3,0,0,0
42,793,6,5,4,99,2,3,3,6465,10415,2,0,17,2,2,1,11,1,3,6,1,0,5,0
25,1431,5,4,4,50,3,1,1,7425,12409,1,1,13,3,2,2,14,4,3,1,0,6,3,1
34,897,13,3,3,40,3,3,1,2073,17286,5,0,19,4,2,0,26,0,4,10,2,5,0,0
37,587,8,4,1,46,4,4,4,4535,12037,1,1,21,3,4,0,3,2,2,0,8,0,3,1
41,1117,4,4,3,95,2,2,3,4272,19545,4,0,14,3,4,1,2,6,3,1,0,3,3,0
43,613,5,3,2,66,3,2,3,4271,16355,1,0,19,1,1,1,0,3,3,0,4,1,15,0
24,845,11,3,2,55,4,4,3,3611,21123,0,1,12,3,3,2,0,0,4,0,2,2,1,1
20,1007,2,3,4,91,3,3,2,4133,24120,3,0,15,3,3,1,10,2,3,1,2,0,6,0
48,1374,1,5,1,57,2,1,3,7516,9968,3,0,23,3,3,0,6,2,3,30,9,0,1,0
39,993,1,3,4,53,2,2,3,2000,13689,2,0,23,3,3,2,6,2,2,0,2,4,6,0
28,1202,8,1,3,44,1,3,3,11951,13432,3,0,18,4,4,1,12,3,4,1,5,4,0,0
51,1492,8,4,3,56,3,2,4,6259,10570,2,1,20,3,2,2,16,0,3,1,2,1,0,0
37,631,1,3,1,52,3,1,3,4811,21775,2,0,22,3,2,2,12,5,4,4,0,4,5,0
47,774,4,1,3,77,1,2,3,7734,20917,1,0,24,1,1,0,12,5,1,6,3,2,5,0
36,894,3,3,1,50,2,4,4,2378,16235,2,0,17,4,3,0,15,0,2,6,7,0,1,0
56,921,1,3,4,70,3,3,4,3525,17142,3,0,18,3,3,0,0,2,3,0,5,0,2,0
53,911,19,4,4,34,4,5,4,4626,9012,1,0,16,3,3,0,13,1,3,5,0,0,1,0
33,1407,1,2,3,43,3,3,2,9728,17443,2,0,11,3,3,0,11,5,3,4,1,2,0,0
45,1214,1,4,2,58,3,5,1,4801,21452,2,0,16,3,4,1,11,5,1,3,2,8,0,0
42,1107,4,3,4,95,3,1,2,6155,17755,2,0,21,3,3,3,7,3,2,2,2,1,0,0
49,809,6,1,3,56,2,3,2,3659,12510,2,0,22,3,3,2,10,4,2,7,0,2,2,0
26,1323,1,5,2,76,3,1,4,6269,19348,1,1,23,3,4,2,15,1,2,2,0,2,0,1
42,1455,5,3,3,47,3,3,3,11368,14145,2,0,10,3,4,0,24,0,2,1,4,0,0,0
46,1321,3,2,4,38,4,2,1,8084,17262,0,0,17,3,2,0,0,3,4,1,3,0,8,0
18,501,1,3,1,34,1,2,2,4718,16288,3,0,11,3,3,1,16,4,3,2,5,1,0,0
24,1136,1,4,2,51,3,4,2,6889,14479,3,0,13,2,4,0,21,1,3,1,8,1,3,0
18,551,4,3,4,41,3,4,3,6560,20220,1,1,23,4,1,2,1,2,4,4,1,3,6,0
33,757,1,2,2,42,3,1,4,6331,23025,3,0,17,3,3,3,10,3,3,10,5,0,0,0
43,559,13,2,1,83,1,2,4,8569,8088,6,1,21,3,3,0,14,0,4,4,3,1,0,0
51,1103,8,2,3,31,3,2,4,8537,23871,4,0,10,3,2,2,28,1,2,2,9,2,2,0
36,1186,20,4,4,69,4,2,2,4612,16695,1,0,16,4,2,0,29,1,3,7,0,0,2,0
52,614,1,3,3,56,3,4,3,6774,19912,1,0,20,4,3,1,1,1,3,6,0,1,2,0
22,883,17,2,4,65,3,2,2,4058,22545,0,0,12,4,4,0,9,3,3,2,3,0,2,0
18,956,2,2,4,69,2,5,3,3097,15940,0,0,14,3,4,0,13,4,3,4,7,1,8,0
35,869,2,3,1,51,2,1,4,4295,22194,2,0,10,3,4,2,16,2,2,6,5,2,0,0
39,621,1,5,4,50,3,3,3,4730,11019,1,0,19,3,1,2,13,1,4,1,3,0,4,0
35,918,1,3,3,81,4,3,4,2141,10705,2,1,24,3,2,1,4,4,3,2,1,3,0,0
18,1251,5,5,2,90,4,1,3,7556,19177,5,0,22,3,4,1,4,5,1,0,3,0,1,0
35,571,3,3,3,43,3,2,1,2000,22792,5,0,24,3,3,1,0,2,3,21,4,0,0,0
22,580,1,2,3,36,3,4,1,19099,23171,2,0,22,3,3,2,0,1,4,0,4,1,1,0
42,854,4,4,1,92,4,3,3,10414,18943,3,0,22,3,2,3,0,2,2,0,3,4,4,0
39,1441,1,3,1,54,3,2,4,4313,16933,2,0,18,3,3,2,21,1,1,3,0,0,0,0
26,1168,4,4,3,68,3,2,2,4937,13633,2,1,17,3,3,2,17,1,4,10,3,0,0,1
30,1178,2,5,4,55,2,1,4,5718,24660,0,1,16,4,2,1,16,0,4,2,1,2,1,0
25,861,8,1,3,38,3,1,4,3660,13434,2,0,22,3,4,1,10,2,1,7,9,0,0,0
35,1093,8,1,4,71,3,2,3,5411,20651,1,1,12,3,2,0,11,2,4,5,2,0,4,0
45,510,3,4,2,66,4,1,4,4573,17043,4,1,10,4,4,0,9,1,3,5,2,0,4,0
26,1136,2,2,2,44,4,4,3,4688,18344,0,0,24,3,4,2,0,2,4,9,15,3,5,0
41,1413,2,2,2,61,2,3,4,5381,14689,4,0,10,3,3,2,17,2,3,0,0,6,2,0
30,1112,8,1,2,85,3,5,4,2548,24401,6,0,24,4,4,1,18,4,4,13,0,0,2,0
28,1373,1,1,2,71,4,3,4,5012,17718,3,0,20,2,3,1,2,2,4,8,3,1,0,0
34,1223,1,4,4,36,3,5,3,5333,23942,2,0,14,3,2,0,2,6,1,13,1,0,3,0
25,620,1,2,4,68,2,2,3,5241,8129,2,0,20,3,3,0,14,2,1,7,1,2,1,0
30,1402,3,3,4,79,1,2,2,4412,17735,1,0,22,3,3,1,14,0,3,10,6,0,10,0
24,566,3,3,2,85,3,5,2,8681,20192,2,0,13,3,3,1,17,1,2,1,2,0,10,0
55,1033,9,3,4,74,3,3,4,4118,20666,2,0,21,3,3,3,23,3,3,1,0,3,7,0
36,642,1,1,3,40,3,1,4,5506,23384,2,0,22,3,3,0,3,0,4,1,1,0,1,0
29,511,2,4,1,79,2,3,3,9401,8074,2,0,13,4,3,1,11,0,2,0,0,0,1,0
38,922,8,1,4,77,4,4,2,4723,8005,3,0,10,3,3,0,3,2,3,6,2,6,5,0
34,795,8,4,3,31,2,3,2,5471,16028,2,0,13,3,3,3,4,1,3,0,0,8,3,0
33,986,2,4,2,58,2,2,3,4683,8497,1,1,13,3,3,2,8,2,3,0,5,0,3,0
42,1077,3,3,3,53,3,3,2,9124,24567,2,0,10,4,4,1,23,3,2,7,2,1,0,0
43,543,1,3,2,76,3,5,2,4320,11775,2,0,20,3,3,3,20,2,2,11,0,1,5,0
30,623,13,3,4,45,2,1,4,9336,16035,3,0,15,4,4,1,11,0,4,7,1,1,2,0
30,1058,1,3,3,71,2,3,1,4666,9039,2,0,23,3,3,0,0,2,4,8,2,5,1,0
33,843,13,4,4,93,2,1,3,3197,16874,3,0,13,3,3,1,15,2,4,4,1,2,6,0
18,1229,5,4,1,85,3,3,4,6902,14459,1,0,16,3,3,0,14,1,4,10,2,2,1,0
20,1152,3,3,3,94,4,2,2,4220,8759,3,1,19,3,1,1,4,0,3,3,7,0,3,0
49,1345,1,3,3,98,3,1,3,6702,13697,3,0,23,3,4,3,18,1,3,22,1,1,1,0
52,1192,3,5,3,30,3,1,4,2000,14654,4,0,17,4,1,2,4,1,3,0,1,1,2,0
33,929,2,5,3,73,3,3,4,4927,24828,3,0,15,3,3,0,18,0,2,8,5,0,0,0
41,1172,1,3,4,58,2,1,3,3905,11534,2,0,23,4,2,0,13,1,3,5,1,0,1,0
39,775,5,3,4,90,4,1,3,2888,17261,1,0,14,2,1,0,0,4,2,4,0,0,2,0
60,806,17,2,4,47,4,4,4,3727,24784,5,0,11,4,4,0,9,4,3,6,0,0,2,0
47,1288,4,5,4,98,2,2,4,3689,21464,0,0,16,3,3,0,13,2,2,9,8,0,5,0
34,946,6,2,4,72,2,2,3,4798,24887,0,0,21,4,4,1,14,5,3,9,8,0,1,0
26,1298,1,3,3,85,2,5,1,2480,24461,3,0,10,2,2,2,20,1,3,0,0,0,6,0
19,1322,2,2,4,35,2,1,1,5756,16322,4,0,18,4,2,2,21,3,3,1,2,1,1,0
38,1357,1,2,3,42,3,2,1,9731,19838,2,0,18,3,2,0,10,3,3,0,0,1,3,0
28,1416,4,3,3,83,3,2,3,5655,9877,5,1,23,3,3,0,16,3,4,0,3,0,0,1
21,930,13,5,3,31,4,3,1,7364,15499,1,0,14,3,4,0,24,1,1,1,0,4,0,1
29,818,5,1,3,87,3,4,3,8495,21753,0,0,14,3,3,0,3,0,3,6,0,1,4,0
25,1082,1,3,2,30,3,4,4,9120,16590,3,0,16,3,3,0,7,3,3,3,5,3,0,0
52,871,2,1,4,75,3,3,2,12519,19945,2,0,15,4,4,0,0,2,4,7,1,5,10,0
44,1101,3,2,3,55,1,1,4,3829,20677,2,0,21,3,2,1,6,2,3,3,0,0,0,0
35,1205,2,3,1,72,3,1,4,3431,12308,1,0,19,3,3,2,13,2,3,4,5,1,6,0
50,1188,8,3,3,78,3,2,2,7271,22886,2,0,21,3,3,1,0,3,2,0,4,1,2,0
36,874,8,2,1,53,1,1,4,7003,15816,2,0,22,3,1,2,15,0,2,7,3,0,2,0
27,666,4,3,1,37,1,3,4,7243,11573,5,0,23,3,2,0,8,2,3,7,7,0,0,0
51,930,2,1,2,34,4,3,3,12640,22712,3,0,16,4,1,2,11,2,4,1,2,3,1,0
41,642,1,3,3,71,3,1,2,4942,15102,0,0,24,3,4,0,2,3,2,1,0,0,0,1
25,1390,1,5,3,66,2,4,3,6081,20755,4,1,13,3,3,0,11,2,2,1,0,10,2,1
34,845,2,5,4,81,3,1,4,3010,17316,1,0,20,3,4,0,25,3,2,8,1,2,2,0
27,654,2,3,4,65,4,2,3,14294,14491,5,0,18,3,3,0,8,0,2,6,0,1,3,0
22,525,5,3,3,59,3,3,2,4153,21767,1,0,22,3,3,1,0,2,4,4,2,0,6,0
45,1145,5,5,3,57,1,2,4,4212,17935,5,0,17,3,4,3,21,3,4,1,0,1,1,0
55,1136,1,1,3,31,4,2,3,4132,14639,1,1,21,3,4,2,16,3,3,0,1,0,0,0
22,840,2,4,4,53,3,1,3,3560,9863,1,0,23,2,1,0,12,1,2,0,0,0,1,0
41,571,1,5,1,98,2,2,4,3412,23222,3,0,20,4,3,1,16,2,4,0,1,3,5,0
29,909,1,1,1,91,3,3,3,3782,8602,1,0,21,2,4,1,12,1,1,1,3,0,0,0
31,811,8,2,4,53,4,4,4,2482,22674,1,0,11,4,4,2,25,2,3,0,1,1,2,0
30,1177,1,5,3,71,2,2,4,3318,14119,2,0,13,3,4,2,18,2,4,4,1,3,0,0
27,1105,2,3,2,89,2,2,3,13023,18868,3,0,24,2,3,1,8,1,3,2,14,0,0,0
36,864,1,1,2,60,2,3,2,7099,23677,1,1,20,3,2,1,23,0,1,2,3,1,2,1
27,717,10,2,4,31,4,5,4,7808,10579,4,0,18,3,2,2,26,1,2,4,2,1,1,0
38,1488,4,3,4,35,2,1,4,8853,17638,0,0,15,3,4,0,19,3,4,5,2,1,2,0
35,954,1,3,4,65,3,2,2,12296,20995,2,0,10,3,3,0,15,2,1,5,2,3,3,0
33,1188,3,4,3,97,4,3,3,2026,20878,1,0,15,3,2,1,5,3,3,1,0,5,0,0
26,640,6,5,3,78,2,2,2,2657,16935,2,0,17,3,4,2,17,0,4,8,0,1,0,0
30,985,15,2,4,34,4,1,4,3288,18620,2,0,13,3,2,1,15,3,4,12,3,1,3,0
43,527,1,3,4,43,4,3,4,3885,20877,2,0,12,3,4,3,11,2,3,1,1,1,2,0
41,1005,10,3,2,83,4,1,2,4228,22297,3,1,17,4,3,0,17,2,2,0,0,2,0,1
26,1464,13,3,4,88,2,2,4,3930,20950,3,1,18,3,1,1,12,0,3,11,1,2,3,0
36,884,12,2,2,73,3,2,2,5484,14018,3,1,13,3,3,0,16,0,2,12,0,0,2,1
43,538,5,5,2,75,4,4,4,5002,24944,2,0,18,4,2,3,20,1,2,0,7,0,0,0
19,530,4,4,4,31,4,2,3,3424,15386,4,1,23,4,3,0,1,2,4,0,0,5,4,1
41,887,2,3,3,87,2,1,3,2000,8415,3,0,17,3,3,1,3,3,2,8,0,0,2,0
29,660,6,3,4,85,4,1,2,2991,14164,6,1,22,3,1,0,4,2,1,1,2,2,0,1
41,523,3,2,1,48,3,4,2,3734,10172,3,0,23,4,4,1,27,0,3,12,2,3,2,0
28,1256,5,3,3,79,2,1,4,4343,10064,1,0,11,3,3,2,17,2,3,1,2,0,2,0
18,958,2,3,4,45,3,2,3,2793,12786,2,0,11,2,2,0,17,1,3,9,1,2,7,0
19,789,6,3,4,32,4,1,2,3845,8907,7,1,17,3,2,2,21,3,4,0,1,0,4,1
36,1400,8,5,2,44,3,3,1,2791,19704,2,0,18,3,2,3,3,1,3,1,4,7,1,1
38,616,1,3,3,42,3,2,1,4615,9257,1,0,16,4,4,0,0,4,3,18,0,0,0,0
26,1455,8,3,3,53,4,2,4,2873,11455,5,0,14,3,3,2,11,3,3,1,1,1,5,0
42,813,3,4,2,59,3,2,4,3214,9579,3,0,19,4,3,0,19,2,2,0,9,1,5,0
19,1388,9,2,4,65,3,4,1,2554,9073,5,0,10,3,4,0,10,1,3,9,0,3,0,0
35,1102,2,3,4,63,3,2,3,4551,12551,2,0,24,2,3,1,1,0,3,0,1,0,0,0
23,1326,2,3,2,48,3,3,1,3186,17722,0,1,13,3,3,2,4,6,1,0,0,1,3,1
29,1484,12,3,2,32,3,4,4,7734,24399,0,0,23,4,4,0,2,5,2,1,0,0,3,0
36,788,1,4,1,72,4,4,4,6020,22884,1,0,11,3,4,0,7,1,3,5,0,0,0,0
27,1461,9,3,4,57,3,2,4,4746,22890,2,0,13,2,2,3,2,2,3,6,0,3,3,0
32,889,3,4,2,50,4,5,4,3298,10993,3,0,13,3,3,2,13,3,3,10,0,0,0,0
46,885,3,3,3,90,1,1,4,5944,12503,2,0,24,3,4,0,7,3,3,3,1,2,0,0
30,840,1,3,3,82,2,2,4,6942,9298,2,0,10,3,3,1,17,6,3,2,0,3,1,0
44,1041,4,4,3,90,3,4,3,5278,21233,3,1,19,2,4,0,4,2,4,2,4,4,2,1
24,654,1,2,1,64,1,1,3,10958,9186,1,0,23,4,4,0,14,3,3,9,4,1,4,0
41,1053,1,2,2,39,2,1,2,6184,17463,7,0,20,3,4,1,11,2,3,6,1,0,2,0
50,1041,1,3,4,78,3,2,3,7760,12213,2,1,15,3,2,1,15,1,1,11,12,1,1,1
18,1261,1,2,4,44,1,2,3,5254,12138,6,1,24,2,2,0,16,2,3,16,3,6,6,0
28,1333,19,1,4,60,2,2,2,6890,24842,1,0,23,2,3,2,17,1,4,1,4,4,0,1
41,940,16,3,1,34,3,3,2,3299,20865,0,0,16,3,2,0,18,0,3,3,0,1,4,0
33,802,2,3,3,87,3,4,3,3908,22227,1,0,18,4,4,1,16,2,2,4,5,5,4,0
39,759,6,3,3,38,4,3,2,5852,17723,6,0,24,3,3,0,14,4,3,0,8,3,0,0
29,694,2,5,2,93,3,1,3,5831,22807,2,0,24,4,3,1,6,1,1,0,0,4,0,0
36,557,5,3,4,90,3,4,4,6334,18973,2,0,16,4,4,0,18,1,3,10,3,2,6,0
34,842,8,4,3,62,4,1,4,8520,24084,1,0,22,3,3,1,6,1,3,3,4,3,2,0
47,770,14,2,1,82,4,1,4,2410,12782,1,0,14,3,3,1,9,6,3,4,1,4,0,0
38,1466,2,3,4,73,2,1,3,3019,18120,1,0,15,3,1,0,5,1,4,4,1,0,6,0
39,1057,7,4,4,86,2,2,3,5512,19732,1,0,12,3,3,0,4,1,3,7,0,6,1,0
31,847,1,3,1,60,3,1,2,3421,14679,2,1,13,3,4,1,9,1,3,0,0,0,1,1
31,1080,23,4,3,85,3,1,4,20000,22955,2,0,19,3,4,0,10,3,3,4,0,1,3,0
31,639,1,3,3,62,4,2,2,6360,24656,2,0,17,3,3,1,5,3,4,3,2,3,3,0
39,944,4,1,3,95,3,1,1,4726,16394,0,0,13,4,2,1,12,5,3,11,2,2,1,0
31,1126,5,3,2,64,3,2,4,3798,14640,1,0,16,3,4,1,13,2,2,3,7,4,0,0
38,988,5,3,3,62,4,3,2,3865,16022,4,0,15,3,4,3,7,1,3,14,2,1,2,0
56,901,1,4,4,84,3,3,3,4989,22496,5,0,24,3,3,1,30,2,3,2,0,0,2,0
44,1493,13,2,3,87,2,1,1,5197,18972,2,0,22,3,4,2,14,5,2,17,0,0,5,0
32,1380,1,5,1,68,4,1,2,3911,8761,4,0,15,3,3,2,12,5,1,10,6,1,1,1
48,1123,4,5,3,42,2,5,2,4287,17216,0,0,23,4,3,3,6,3,2,4,1,2,3,0
31,1069,1,2,3,62,4,1,1,9625,8294,3,0,15,4,4,0,13,2,4,2,4,0,0,0
18,1120,1,3,4,97,4,4,4,9820,21235,6,0,20,3,1,2,13,6,3,2,0,1,6,0
25,701,3,4,3,82,3,1,4,5574,13581,0,0,24,3,3,3,11,3,3,7,2,0,1,0
18,895,2,5,2,86,3,5,3,2513,16024,6,0,15,3,2,0,23,1,3,4,1,2,3,0
32,539,1,3,2,32,3,2,4,6433,21577,2,0,20,3,3,0,0,3,3,2,0,0,7,0
36,975,1,3,4,62,3,2,2,10690,8789,3,0,14,4,3,3,8,1,3,5,4,2,4,0
52,1043,2,3,2,75,3,3,3,9748,10695,3,1,13,4,1,1,17,3,3,6,2,0,3,0
39,727,7,3,4,88,3,2,2,7095,14765,0,0,18,3,3,0,4,1,1,0,1,0,3,0
33,1464,11,2,2,33,4,2,3,10008,11908,1,1,24,3,3,2,0,4,3,0,4,3,7,1
44,1409,1,4,3,89,3,2,3,5047,13744,1,0,16,1,3,0,7,1,3,0,1,1,5,0
18,1222,2,1,3,68,2,3,3,6728,24968,1,1,24,3,2,0,20,0,3,1,0,1,2,0
38,1033,1,1,4,43,3,1,4,3496,22032,2,0,23,3,4,1,5,3,3,2,8,2,3,0
43,1369,1,3,4,52,4,1,3,5688,23026,6,1,13,2,3,1,9,1,3,8,0,2,0,0
21,630,5,3,2,49,3,2,3,9554,23929,2,0,16,3,4,2,15,0,3,2,5,2,1,0
47,1290,4,3,3,67,3,1,4,3660,13795,3,0,19,3,4,1,7,3,3,0,5,2,1,0
39,624,1,3,2,33,4,3,2,3194,13050,2,1,17,3,3,2,8,1,1,3,0,1,1,1
31,1294,1,3,3,41,3,1,3,5160,11979,7,0,11,3,1,0,6,1,3,28,1,0,3,0
42,775,1,2,3,86,3,2,4,4388,22111,3,0,24,3,3,1,7,2,4,2,0,0,0,0
58,1377,9,3,4,39,4,1,3,6799,19552,1,0,21,3,3,0,2,2,4,16,1,4,0,0
37,1444,18,5,4,46,2,2,2,3918,12014,2,0,16,3,1,0,9,3,4,0,3,7,1,1
38,648,1,3,3,61,4,1,3,11605,14408,2,0,19,4,2,2,20,1,2,0,0,0,1,0
31,962,1,3,3,66,2,1,3,2579,16614,2,0,11,3,3,0,24,1,2,6,0,0,1,0
27,1480,10,3,4,83,1,1,3,9199,16978,1,0,17,4,4,2,21,3,3,3,2,0,8,0
44,983,13,5,4,61,4,5,2,3352,23108,1,0,23,3,4,0,13,3,2,7,2,2,3,0
27,1363,2,2,1,85,2,1,4,2002,14469,1,0,23,3,2,0,25,1,1,9,3,0,1,0
36,1088,1,3,3,73,3,3,4,5535,23444,1,0,15,3,3,0,30,2,3,1,4,3,0,0
31,875,1,4,3,37,4,1,3,4327,15503,2,0,17,3,1,2,13,2,2,5,3,5,2,0
40,785,4,3,2,40,4,1,4,2821,20688,2,1,20,3,3,0,4,0,2,4,5,6,3,1
39,703,2,1,2,60,4,2,4,2120,23814,2,0,15,3,4,1,22,1,4,9,0,0,1,0
46,1261,1,3,1,57,2,2,2,4894,23428,0,0,10,3,4,1,2,2,2,2,2,6,0,0
30,886,4,1,3,82,3,5,2,8005,8968,2,0,17,3,3,0,4,2,2,0,1,2,0,1
33,1011,1,3,2,70,2,5,3,6584,11496,5,1,19,3,1,1,0,1,2,4,9,0,0,0
26,992,7,4,1,57,3,3,4,5056,16107,2,1,10,3,3,1,17,3,4,15,1,1,1,0
31,1077,1,2,2,41,4,2,1,6244,15336,2,0,11,4,4,3,0,4,3,0,9,2,4,0
39,1365,1,4,4,45,3,2,4,4848,18895,2,0,13,4,2,0,19,0,2,1,4,6,5,0
43,1480,4,1,4,70,3,2,3,2404,24060,2,0,15,3,3,0,26,3,2,1,3,0,1,0
26,907,2,4,3,59,3,5,3,2415,9910,2,0,18,3,4,0,25,2,3,7,2,0,4,0
44,1327,18,3,3,66,3,2,2,4440,15681,4,1,14,3,4,1,1,2,2,1,1,1,15,1
49,1264,3,2,4,41,4,2,2,4535,11270,4,0,14,4,4,1,0,4,4,1,2,6,3,0
40,1073,1,2,2,76,1,1,4,7521,23199,3,0,23,3,3,3,6,0,3,5,1,7,3,0
54,1456,6,5,2,89,3,1,4,7177,24397,2,0,12,4,3,2,19,3,2,0,7,0,7,0
28,700,1,1,2,48,4,5,3,6651,16137,1,0,17,3,3,0,21,1,4,0,4,0,1,0
23,609,11,2,2,64,3,2,4,4272,9768,1,1,24,4,4,1,17,1,3,2,4,4,0,1
18,1353,2,3,3,98,1,2,4,2464,21350,2,1,19,3,4,2,16,2,2,2,1,2,13,1
50,939,3,3,4,53,3,1,3,6039,19851,3,0,20,3,4,3,30,2,3,2,0,7,2,0
42,1346,1,3,3,71,3,4,4,6390,14029,2,0,16,3,2,0,8,1,4,0,3,4,4,0
35,1393,2,2,3,36,2,1,3,2000,23085,2,0,10,4,4,1,5,0,2,2,1,0,5,0
38,562,8,2,4,72,4,4,3,3238,24589,2,0,19,4,3,2,2,3,3,7,6,2,1,0
24,1383,8,2,1,36,3,1,1,3478,17483,4,1,19,3,1,0,15,5,1,2,4,0,2,1
60,948,1,2,2,97,4,4,4,5214,17617,4,0,11,4,1,1,10,0,4,4,0,3,2,0
37,1010,1,3,3,80,4,3,1,3288,13057,4,0,16,3,3,3,18,1,3,0,2,1,0,0
37,1126,8,4,3,85,3,1,4,4821,17936,4,0,23,4,3,2,8,0,2,0,3,6,0,0
43,1426,13,2,1,79,1,2,4,4423,15473,1,0,13,4,4,0,17,1,3,10,2,6,2,0
40,519,1,3,3,71,3,2,2,4538,13137,1,0,16,3,4,0,8,3,3,2,2,0,0,0
38,976,2,3,3,61,2,1,3,3435,9142,0,0,16,3,1,0,10,0,4,2,0,0,1,0
28,1187,2,5,4,90,4,4,3,3570,12296,1,0,22,3,4,3,11,1,3,10,0,1,0,0
40,1222,10,5,3,96,2,2,3,2863,11363,2,0,22,3,2,3,0,3,4,6,4,4,3,0
54,1192,1,4,3,64,2,2,2,5943,17214,4,0,21,4,3,2,10,1,3,7,0,3,6,0
49,634,1,2,1,95,3,1,3,6539,18228,2,0,15,3,3,1,16,1,2,5,4,6,2,0
51,799,6,1,3,70,2,2,2,3343,18345,2,1,11,3,4,0,4,3,4,0,2,1,1,1
30,858,1,3,2,67,2,4,1,10512,14599,4,0,15,3,3,1,27,1,3,15,8,0,15,0
26,1304,3,2,4,61,3,2,1,4199,15160,1,0,20,3,4,0,12,2,3,11,15,0,0,0
34,778,2,3,3,44,1,5,1,10562,22182,1,0,20,3,4,1,6,3,4,1,3,0,1,0
36,710,2,4,3,30,1,5,4,3565,16095,3,0,24,4,3,1,6,3,3,8,1,2,0,0
46,1457,2,4,4,46,3,1,4,2000,24792,1,0,16,3,3,1,22,2,1,2,1,5,1,0
19,508,3,4,3,65,3,1,3,6009,15473,2,0,19,4,4,3,5,4,4,5,0,0,0,0
51,1497,1,3,3,56,3,4,3,5565,19042,1,0,18,3,1,0,14,1,2,0,0,4,0,0
34,1176,4,3,4,61,3,2,2,5000,8856,0,1,12,4,4,2,19,0,3,3,2,1,0,1
31,1328,8,3,4,98,3,1,3,3564,19106,4,0,16,3,4,1,16,3,2,0,4,0,2,0
25,794,7,1,4,54,3,1,2,4830,22474,1,0,18,2,2,2,7,2,2,3,0,1,1,0
19,514,1,4,1,61,4,2,3,3806,24021,2,1,24,3,4,1,18,4,3,1,1,1,3,1
44,1237,1,1,3,39,1,3,4,4225,24954,0,0,15,4,2,0,13,1,3,3,2,4,2,0
36,1334,1,3,4,33,3,1,2,7486,12797,1,1,24,3,4,0,0,1,3,5,7,1,0,0
23,1240,2,3,2,84,4,1,4,5388,17781,1,0,18,3,3,0,21,2,4,10,0,0,4,0
23,642,2,3,2,69,4,4,1,6667,15662,0,1,13,4,4,0,7,1,3,0,0,3,1,1
32,1253,5,4,4,83,2,3,3,4376,17584,0,0,12,1,3,2,10,3,3,11,7,10,0,0
52,1268,1,3,1,40,2,2,1,4142,10676,4,0,12,3,4,0,14,2,4,2,0,2,0,0
33,1158,1,4,4,70,3,3,3,2760,22554,1,0,16,3,2,1,7,4,3,9,3,0,4,0
20,1266,2,2,3,47,1,2,2,4084,23462,0,1,10,3,2,0,18,1,3,3,3,0,3,1
33,1345,5,3,3,45,4,3,3,2000,15644,0,1,16,3,1,1,3,1,3,9,1,0,2,0
33,1113,1,4,1,30,3,2,3,3658,12767,4,0,24,2,4,2,7,3,3,5,1,0,1,0
18,588,5,3,4,39,3,1,3,4717,10394,4,0,20,4,3,0,21,3,3,3,5,4,1,0
35,987,1,5,3,51,2,3,4,6514,19624,2,0,21,1,4,1,12,0,3,1,0,0,3,0
33,577,10,2,3,38,3,2,4,4296,13307,2,1,11,3,4,2,3,2,3,17,0,1,6,0
42,907,11,3,4,99,3,5,3,5847,23462,1,0,17,3,4,0,12,3,2,8,2,2,2,0
54,907,1,3,4,51,4,2,2,2000,19407,1,1,14,3,2,2,15,2,4,2,1,3,0,1
47,566,1,5,4,39,1,4,2,4777,18976,1,0,23,3,4,0,0,0,4,0,2,0,0,0
33,848,2,2,3,43,1,4,4,2122,17509,5,0,12,4,2,0,25,2,2,7,7,1,0,0
24,610,1,4,3,71,3,1,3,2686,8778,0,0,16,4,4,1,26,2,1,22,7,0,3,0
60,1308,5,3,4,34,2,3,3,4475,23842,5,0,18,4,4,0,12,4,3,1,0,0,0,0
36,1447,8,2,3,90,3,2,2,9303,18674,1,0,17,3,1,2,10,1,3,12,1,0,1,0
36,572,5,3,2,97,4,4,3,5917,24899,1,0,22,4,2,0,12,2,4,0,0,1,3,0
35,1455,8,3,2,47,3,2,2,4959,17135,0,0,13,4,3,0,19,1,2,15,7,0,1,0
37,1022,2,3,4,61,4,3,4,4867,20071,1,0,15,3,3,1,15,6,1,6,1,1,3,0
34,799,1,4,3,31,1,2,4,3439,8955,2,0,21,3,4,1,13,0,4,2,1,0,2,0
30,576,6,3,4,74,2,1,1,3744,18739,2,0,17,3,3,2,23,2,2,1,4,6,1,1
30,1000,2,3,3,58,1,1,3,6085,20999,0,1,16,3,4,0,21,3,3,5,2,1,6,0
35,1294,5,3,2,48,3,2,2,2458,21234,3,1,10,4,3,2,4,1,1,4,0,4,3,1
30,1207,1,1,3,44,4,3,3,6611,21091,3,1,21,3,4,3,19,3,4,12,1,0,1,0
28,550,1,2,1,75,1,2,4,4047,11846,3,0,24,3,4,1,21,1,2,7,2,3,4,0
37,572,24,3,3,59,3,3,3,7426,24581,1,1,19,3,4,2,14,1,3,3,3,1,4,0
33,902,1,3,3,42,3,1,3,7946,24918,1,0,22,3,2,1,16,2,3,13,3,0,4,0
51,795,22,2,3,78,4,2,2,2129,9285,2,1,17,3,3,0,9,1,4,4,0,2,3,1
18,732,18,3,4,69,2,1,4,3674,23919,0,0,13,4,2,0,2,3,1,9,1,2,1,0
46,781,7,3,4,90,2,3,3,3204,12920,2,0,10,3,3,0,27,2,2,9,3,10,1,0
48,1303,5,2,4,38,1,5,3,2000,19717,2,0,19,4,3,3,1,2,1,12,6,3,3,0
18,1429,4,3,1,84,3,2,2,2932,13747,1,1,17,3,4,0,25,0,4,0,0,0,0,1
32,905,10,2,2,77,2,1,3,16657,24451,0,1,21,3,1,1,11,2,3,4,0,0,5,0
32,1406,1,5,3,38,4,1,4,6665,9725,3,1,20,3,3,0,21,4,3,3,3,1,1,0
21,821,3,4,4,78,3,3,3,12818,16461,2,0,24,4,3,1,12,2,2,3,2,0,2,0
28,976,4,4,4,60,3,2,3,7439,15276,1,0,17,1,1,0,19,2,3,3,0,3,2,0
24,726,2,2,4,96,3,3,3,3391,13542,1,1,16,3,3,2,15,2,3,9,2,1,2,0
53,1140,2,4,3,39,1,1,4,4060,18974,1,0,14,3,4,0,6,3,3,1,11,5,4,0
45,1478,2,4,3,74,3,3,3,6595,10227,0,0,17,4,1,2,13,4,4,3,2,1,2,0
48,1103,4,4,3,56,4,3,2,6116,20183,3,0,23,3,4,2,10,4,1,1,1,1,0,0
43,857,9,2,2,96,4,2,3,3682,24670,3,0,10,2,3,1,17,1,3,1,5,0,0,0
24,1147,1,3,1,53,4,2,4,2310,21677,2,0,24,3,4,0,13,2,4,5,0,0,5,0
30,622,13,4,4,97,4,1,4,20000,22620,2,0,24,3,2,0,14,6,4,0,1,3,6,0
40,1388,5,3,2,93,2,2,4,4579,14113,1,1,18,4,4,2,3,6,3,1,2,9,0,1
23,1003,8,3,2,48,2,4,3,4176,13523,6,0,14,4,1,0,1,2,2,3,2,1,1,0
43,949,4,3,1,86,1,2,1,5201,16789,1,0,13,3,3,0,12,4,3,0,7,3,0,0
33,1085,7,3,4,99,3,4,4,4353,8777,3,0,14,4,2,1,13,2,2,0,1,1,8,0
32,1124,1,1,3,47,2,2,3,5225,24071,1,1,10,3,4,0,3,0,2,9,0,6,0,1
43,571,8,3,4,60,3,1,3,9353,10444,2,0,17,3,4,0,16,0,3,9,7,0,0,0
40,1182,1,1,4,66,3,2,4,4618,23351,1,0,10,4,1,1,16,5,4,2,0,1,0,0
32,741,11,3,3,50,4,2,3,2748,9420,0,0,20,3,1,0,13,1,1,2,1,1,3,0
47,1213,24,2,3,31,3,2,2,4533,21984,2,0,15,3,3,0,12,2,2,13,2,1,6,0
25,1322,1,3,1,45,4,1,4,3896,10583,1,0,12,3,2,1,1,0,3,0,11,0,1,0
42,1303,1,2,2,49,1,2,4,10016,8648,2,1,18,3,3,0,1,1,2,4,2,1,0,0
41,1052,7,3,4,61,1,1,3,8826,20231,1,0,24,3,3,2,15,2,3,4,1,1,2,0
32,1020,1,4,4,41,3,1,3,5186,12764,3,0,20,3,4,0,5,0,2,7,2,0,0,0
39,642,10,2,3,91,2,2,1,2593,20146,1,0,17,4,4,1,5,4,2,15,10,2,0,0
23,1275,1,2,3,79,2,2,1,2662,17436,2,0,21,3,3,1,14,1,3,2,5,2,6,0
45,771,1,2,3,35,3,4,3,4952,9849,3,0,21,3,1,1,28,2,4,2,0,4,6,0
34,996,19,4,1,75,2,2,3,5814,23846,6,0,23,4,3,0,8,1,3,5,4,1,11,0
30,784,5,3,2,75,3,3,4,4075,15689,4,1,13,2,3,0,28,2,4,17,5,0,1,0
46,633,9,3,2,96,3,2,4,3865,20485,2,0,22,3,3,2,11,2,2,11,3,1,1,0
28,1129,1,2,2,30,3,3,4,3654,16517,2,0,14,3,3,0,16,3,4,5,3,0,4,0
21,554,5,3,4,47,3,1,3,4857,18274,0,1,24,2,4,1,19,1,3,9,1,2,0,0
20,1248,4,4,2,94,3,5,2,2000,13147,2,0,14,3,4,3,20,2,4,0,3,0,0,0
42,817,4,4,2,95,2,2,4,2833,11406,4,1,23,3,2,1,14,0,3,2,4,0,0,0
23,500,5,3,3,80,2,4,3,3592,17223,1,0,24,4,2,0,10,1,2,0,0,0,9,1
53,1011,4,1,4,83,3,2,1,8988,15483,2,0,12,4,4,0,18,0,2,0,0,0,3,0
18,546,2,2,2,36,3,1,3,3271,14631,1,0,24,4,4,3,15,4,3,4,0,6,0,0
52,776,1,1,1,65,4,3,4,5378,19433,3,0,11,3,2,1,8,2,1,10,5,10,0,0
38,1206,7,2,3,46,3,1,4,5504,19738,4,1,13,3,4,1,23,1,4,5,3,1,5,0
35,562,1,2,4,42,2,2,1,9404,8780,1,0,16,4,3,1,15,5,2,5,1,0,4,0
30,1339,5,2,3,86,3,1,4,9239,13758,1,0,24,3,3,2,6,1,3,0,5,4,3,0
39,503,1,3,4,39,3,3,2,4775,14999,2,0,17,4,2,2,5,3,2,5,3,5,0,0
35,746,4,5,4,62,3,5,1,3874,9647,3,0,18,3,4,0,27,2,1,3,7,3,1,0
47,1240,6,3,4,95,3,2,4,3526,12010,1,0,20,3,3,1,8,1,3,5,0,1,2,0
37,816,1,4,3,43,3,3,4,4356,8877,3,1,24,3,2,1,18,1,3,1,2,0,8,1
37,601,1,4,3,98,3,2,3,3955,24936,5,0,21,3,4,0,15,3,4,4,3,0,0,0
32,860,1,2,1,99,3,2,3,6482,20521,4,0,13,3,4,2,17,2,1,2,0,4,2,0
35,770,4,4,4,68,2,4,4,6064,9486,1,0,14,3,4,0,27,0,4,4,1,4,0,0
39,1342,9,2,3,41,3,4,4,6607,8344,2,1,11,3,2,1,19,1,3,0,1,1,1,0
18,813,1,3,2,52,2,3,4,9224,20227,1,0,19,4,4,0,18,0,4,2,4,0,0,0
22,1288,6,3,4,59,1,1,3,12474,15466,2,1,12,4,2,0,10,2,2,2,2,2,5,1
43,1391,2,5,2,51,4,2,4,5230,21375,1,0,13,3,3,1,6,2,3,6,2,3,0,0
37,933,3,2,3,49,4,1,4,8516,23699,1,0,23,3,3,3,31,2,3,6,1,2,1,0
34,1409,13,2,3,98,1,2,1,4122,18188,5,1,14,3,3,1,11,3,3,11,0,1,1,0
36,877,2,5,3,40,3,2,4,8888,11180,1,1,18,3,3,0,11,4,1,4,7,0,6,0
39,1464,3,1,4,81,2,4,3,8356,21297,3,0,15,2,4,1,14,2,3,1,1,0,4,0
30,589,1,3,2,30,3,4,3,8137,24248,3,0,11,3,3,0,13,2,1,7,2,2,0,0
28,1187,1,4,3,71,4,2,3,5151,17863,4,1,15,4,3,0,24,3,3,3,0,3,0,0
37,993,1,4,3,94,4,1,1,3518,19593,7,0,16,4,2,0,16,3,3,1,1,0,2,0
26,887,1,5,4,50,3,4,3,2447,13737,2,0,23,3,1,0,1,1,3,6,7,0,1,0
40,1132,4,5,4,42,3,1,4,4817,14485,4,0,14,3,2,1,6,0,4,0,15,2,0,0
18,1203,2,1,3,75,3,3,2,10577,20489,2,1,15,3,4,1,12,2,2,0,1,0,4,1
46,504,3,4,3,79,3,1,3,4209,23772,2,1,21,3,4,0,20,3,3,7,0,1,0,0
40,666,1,3,2,78,4,2,4,7277,18692,2,0,21,3,4,2,0,1,3,7,1,1,10,0
38,1213,1,3,4,52,4,5,3,7494,21427,1,0,21,1,1,0,15,2,3,7,1,2,0,0
45,1166,5,2,3,47,3,1,3,4264,10917,1,0,24,3,4,3,17,5,4,1,3,3,0,0
52,1466,16,3,4,96,3,2,3,9491,11603,6,0,21,3,1,1,19,5,4,10,2,0,1,0
46,1261,1,5,1,94,2,2,3,2000,17044,2,0,16,3,4,0,11,3,4,6,4,1,2,0
18,1450,11,5,2,62,1,4,3,2666,11001,1,1,22,3,3,3,20,4,4,8,3,0,0,0
23,1202,4,3,3,89,4,4,4,3109,18794,1,0,17,3,1,0,5,3,4,6,0,3,3,0
29,798,4,1,4,61,3,1,3,3262,12958,6,0,14,1,3,1,19,4,3,4,4,3,1,0
36,605,3,3,3,59,3,1,4,5814,21456,4,0,14,3,3,0,11,4,4,0,5,0,0,0
41,1281,1,4,4,40,3,3,3,5681,21737,2,0,13,3,3,2,12,6,4,6,2,0,6,0
28,1144,1,4,3,59,4,2,3,5984,15884,1,0,12,3,3,1,12,1,2,5,7,0,8,0
37,548,4,3,3,67,2,3,4,6621,11073,2,0,12,3,4,0,17,2,1,1,4,1,2,0
28,860,2,1,1,31,4,1,4,3056,18995,0,0,10,3,4,0,3,3,2,6,2,0,4,0
29,1456,12,3,4,61,4,1,3,2672,24877,0,0,23,4,3,2,19,0,4,3,7,2,0,0
21,1000,2,3,2,84,4,3,1,5991,18584,5,0,23,3,3,0,18,3,3,4,2,2,0,0
26,932,1,5,4,77,3,1,2,3586,8608,0,0,18,3,4,0,9,2,2,2,2,1,1,1
22,957,6,3,4,74,2,4,2,2241,8293,0,0,22,4,3,1,12,2,3,0,1,4,9,1
26,708,1,3,4,93,3,1,2,7987,13446,4,0,12,4,1,2,5,1,2,1,6,0,2,0
46,868,3,3,3,31,3,1,4,9872,11328,1,0,23,3,4,0,2,0,4,7,0,4,0,0
26,869,5,1,4,68,2,5,1,10706,21821,2,0,17,4,1,0,13,2,4,1,1,0,1,0
60,552,11,5,4,85,3,2,4,5396,22361,3,0,11,3,2,2,13,2,4,0,2,0,0,0
40,1267,7,3,2,67,3,3,2,6720,12396,3,0,12,4,2,0,9,2,2,29,2,1,0,0
37,916,5,3,3,52,4,1,3,9749,13535,2,0,14,3,1,1,2,2,4,1,3,1,1,0
27,1322,5,3,1,39,1,2,3,3566,12016,5,0,10,4,1,3,15,2,3,5,2,0,1,0
43,1350,14,3,3,92,3,3,2,8564,23442,3,0,14,4,1,2,9,4,3,13,0,1,0,0
30,711,1,3,2,62,4,2,4,5640,16545,0,0,10,3,3,0,6,2,3,4,5,0,0,0
37,1157,1,4,2,91,4,4,1,7760,19154,5,1,13,4,2,0,22,3,3,8,3,4,2,1
60,972,1,2,3,71,4,2,3,5394,15063,2,0,13,3,2,0,4,2,4,18,5,1,3,0
35,1380,1,3,3,77,3,2,4,9396,18727,3,0,24,3,3,3,16,3,3,9,0,1,1,0
47,715,5,2,3,86,4,2,3,5495,14559,1,1,13,3,2,3,0,1,4,4,3,5,3,0
28,1177,5,3,1,76,3,2,2,2340,13774,2,1,13,4,1,0,0,5,2,2,3,2,0,1
35,1107,4,1,3,57,3,1,3,10157,18786,0,1,20,3,3,1,15,2,3,3,1,1,0,0
53,795,1,3,2,65,1,2,4,3060,18048,2,0,22,3,3,2,9,1,3,9,5,1,5,0
29,636,6,4,3,86,1,2,4,9196,12989,1,0,15,3,3,0,2,5,3,9,0,2,1,0
54,1151,1,4,3,56,2,2,4,4697,10538,2,1,23,3,3,0,19,3,4,9,2,0,1,0
43,1238,5,3,3,57,2,3,3,8848,14265,3,0,15,3,3,0,14,2,3,4,2,0,8,0
30,815,4,3,4,36,2,2,4,8667,15058,2,0,12,3,3,1,0,2,3,3,2,0,1,0
42,1144,2,1,3,94,2,5,1,6094,18687,2,0,14,4,4,2,19,2,4,1,2,3,0,0
45,895,1,3,4,36,1,1,1,6337,23546,1,0,19,3,3,3,3,2,3,0,0,0,8,0
42,1213,1,4,3,75,4,2,4,6071,8615,2,0,15,3,3,0,0,3,1,7,3,0,0,0
20,699,8,2,3,58,1,3,2,2000,12142,2,0,20,3,2,0,5,1,3,1,1,0,3,0
28,1390,12,3,3,58,3,2,1,5214,11293,4,0,13,3,4,1,11,1,3,1,1,2,1,0
33,787,5,4,1,77,2,2,2,2812,16539,1,0,20,3,2,2,12,2,4,9,1,1,1,0
35,867,1,4,4,34,4,1,3,5353,15304,3,1,15,3,3,1,0,2,1,0,1,2,2,1
42,558,2,2,3,71,4,2,4,2775,20393,1,0,16,3,3,1,0,0,3,13,2,0,1,0
37,611,6,3,3,84,3,1,3,2717,12121,2,0,18,3,3,1,5,3,1,0,5,4,4,1
22,1015,7,2,1,87,3,5,2,10965,18106,2,0,20,4,4,0,6,0,2,13,1,1,8,0
39,767,1,2,1,41,1,2,3,8389,23025,0,0,13,4,4,1,18,0,3,3,1,1,0,0
42,1335,1,5,4,92,4,4,4,4904,23481,1,1,22,3,2,3,8,2,2,0,2,5,4,1
41,514,6,4,4,75,4,3,4,5390,24299,3,0,20,3,2,0,17,3,3,5,3,7,0,0
46,879,2,4,2,91,4,2,3,4341,21145,3,0,13,3,4,1,20,0,3,11,1,2,0,0
44,837,1,1,3,63,3,2,4,6535,23401,2,1,24,4,3,0,16,1,2,2,1,5,9,1
40,519,1,4,3,67,3,4,4,3505,11987,1,0,19,3,3,1,0,3,3,5,2,1,2,0
35,624,3,3,4,94,4,4,1,8077,11358,1,0,16,4,4,1,9,1,1,19,1,0,0,0
19,913,9,3,1,92,2,1,1,4330,8110,0,0,12,2,3,1,10,3,4,1,0,0,2,0
40,992,15,3,2,61,3,2,2,3984,20016,1,1,17,3,4,2,11,1,1,8,0,1,0,1
38,904,4,1,4,49,1,2,4,4968,23936,2,0,12,3,3,0,0,1,1,1,1,1,1,0
38,1030,3,4,1,57,4,1,2,3657,11177,0,0,16,3,3,1,5,2,3,2,0,1,2,0
23,1095,1,3,2,57,2,2,3,5792,18828,3,1,16,3,3,0,1,3,4,1,2,4,6,1
25,509,3,2,4,50,2,4,1,3756,20689,2,0,20,3,4,2,4,0,4,2,0,1,0,0
46,964,2,2,3,48,3,2,4,6212,23769,4,0,12,3,3,0,9,1,2,0,1,0,0,0
35,1463,4,2,2,90,4,3,3,9027,18996,1,0,22,2,3,2,6,3,2,1,0,0,0,0
42,1019,2,1,1,34,3,3,4,3430,24494,4,0,14,3,4,0,5,1,3,2,2,7,0,0
36,1177,1,3,1,77,2,2,4,4604,13859,2,0,16,3,3,0,10,5,4,5,5,3,8,0
36,811,1,4,2,42,1,1,1,6189,13948,1,1,21,3,3,0,8,1,3,5,3,1,8,0
45,1273,1,1,4,54,4,3,3,3952,17231,5,0,19,3,4,3,13,1,3,4,2,3,4,0
30,1272,1,1,3,34,4,4,1,6199,14519,5,0,14,3,3,0,8,5,2,1,3,3,3,0
36,1021,1,3,4,48,4,3,4,6487,8024,2,1,15,3,1,0,0,2,2,14,0,5,5,1
31,1476,21,4,4,83,3,1,3,8447,20440,2,0,14,3,3,0,3,1,3,2,0,0,0,0
31,625,2,3,3,91,4,1,1,3630,20779,3,0,18,3,4,0,9,2,2,1,0,1,0,1
32,516,3,3,2,45,3,1,1,3067,20698,3,0,14,3,3,0,8,1,2,4,0,0,1,0
38,1270,10,3,3,62,3,2,3,4214,13865,2,0,20,4,4,1,0,1,2,6,0,6,5,0
31,1307,27,2,4,62,3,3,4,3029,16878,3,0,18,3,3,0,17,3,3,0,2,8,1,0
48,620,4,1,4,91,3,1,4,6517,14119,2,1,12,3,4,1,14,3,1,1,0,3,2,1
27,765,8,4,1,83,4,4,4,2749,8272,0,0,14,3,3,0,7,3,3,8,8,1,0,0
34,517,1,3,4,65,3,2,3,15780,17561,2,0,13,3,1,1,10,1,4,3,5,1,3,0
31,793,1,3,3,76,3,3,1,9395,10103,4,0,15,3,3,1,3,2,1,2,10,1,6,0
50,1273,2,4,4,89,2,5,4,4945,9360,0,0,17,3,3,0,18,3,3,13,0,0,1,0
37,1017,5,3,2,30,1,1,1,7583,20843,4,0,17,3,3,0,28,2,4,0,5,1,2,0
46,848,5,2,3,58,3,4,4,2168,8161,0,0,21,3,2,0,6,0,3,4,4,0,1,0
21,871,1,3,4,93,2,1,3,17355,24303,2,0,12,1,3,0,21,1,2,2,6,9,4,0
38,501,1,2,3,81,2,2,1,3658,16759,0,1,24,3,3,1,5,1,1,0,2,1,1,1
44,799,5,2,3,67,3,4,4,4627,24711,1,1,15,3,3,1,7,1,3,1,4,5,1,1
36,1146,1,3,1,67,3,4,4,2000,8985,2,0,14,4,4,1,23,3,3,4,0,2,1,0
46,1474,4,4,2,54,4,2,4,6267,17920,1,0,20,3,4,0,11,1,2,0,0,0,0,0
30,1347,5,5,3,66,3,2,2,2826,13938,4,0,22,3,3,0,17,0,4,4,0,0,6,0
50,523,6,3,4,75,4,3,2,5171,22339,2,1,15,2,3,0,9,3,3,15,7,10,9,1
58,1398,7,2,2,59,4,4,3,3743,14140,0,0,21,3,3,1,0,2,2,7,0,2,1,0
32,1283,10,2,3,79,4,1,3,2867,12428,1,0,23,4,4,1,30,3,4,2,0,0,0,0
31,1280,3,4,4,90,3,3,4,3287,22578,4,0,21,3,4,0,10,2,2,0,7,0,3,0
50,957,6,3,2,40,3,2,2,5502,14369,6,0,10,3,3,2,13,2,3,3,0,2,1,0
51,898,4,3,3,61,4,2,4,2589,8286,1,1,22,3,1,0,6,2,2,2,6,0,0,1
30,802,1,4,4,58,2,2,3,3379,14634,3,0,21,4,2,3,18,5,3,17,4,0,0,0
31,565,1,4,4,78,2,2,4,6847,19126,2,1,20,3,3,0,17,0,2,22,0,2,6,0
33,728,1,4,3,47,3,5,3,18056,12324,0,0,21,3,3,2,0,2,3,2,0,2,4,0
22,746,2,1,4,74,1,2,3,6240,15343,4,0,24,3,3,0,13,2,2,0,2,1,5,0
26,984,4,4,2,91,4,5,4,3106,8964,3,0,16,3,3,2,19,2,3,12,15,5,1,0
25,1247,9,4,4,59,3,1,3,4090,17997,0,0,11,3,3,0,21,2,1,7,6,2,4,0
28,973,1,2,2,93,3,3,4,4993,20857,0,0,16,4,4,0,17,0,2,3,1,4,2,0
35,557,1,3,4,99,3,3,4,4126,15026,2,0,10,3,3,0,17,3,2,2,1,0,1,0
38,1457,16,3,2,37,3,3,4,7719,15143,3,0,14,3,2,3,7,1,1,2,1,0,5,0
51,1442,1,5,4,46,1,2,3,5479,9500,2,0,18,3,3,3,2,0,3,11,3,0,15,0
26,1285,3,1,4,96,3,2,1,7738,11432,2,0,14,3,3,0,9,3,4,1,1,0,6,0
45,1491,4,3,4,97,3,4,1,4199,10629,1,1,20,4,4,1,1,1,4,8,0,7,4,1
33,1044,3,2,2,36,3,4,2,9535,16188,3,0,22,3,3,1,6,1,4,0,4,6,4,1
35,1462,1,4,3,31,4,1,2,4522,16997,3,0,16,3,3,0,5,4,1,12,1,2,3,0
42,575,1,2,3,41,2,4,2,3024,24131,1,1,23,4,3,0,4,1,2,3,0,1,5,1
24,865,1,2,4,99,2,2,3,14598,9244,1,0,11,3,3,3,16,4,3,1,4,3,2,0
39,725,4,3,1,42,2,1,3,2000,18197,2,0,22,3,4,1,3,2,4,0,2,1,0,0
37,695,3,5,4,65,3,4,3,3396,16950,3,0,22,4,1,0,26,2,3,4,2,0,4,0
40,640,1,2,4,89,4,2,1,3592,16775,2,0,14,3,3,0,19,1,3,1,3,1,7,0
38,1122,5,2,2,31,4,3,1,17225,22843,2,0,14,3,2,0,21,2,2,4,2,1,1,0
60,1281,8,4,4,72,3,1,4,12129,11494,1,1,14,3,3,1,6,0,2,1,3,0,4,1
29,1078,1,3,3,49,3,1,3,10373,8693,4,1,22,3,3,0,13,1,3,0,6,0,0,0
30,646,3,5,3,90,3,2,3,4165,19428,1,0,22,3,2,1,3,6,3,3,2,0,8,0
29,1311,5,2,3,49,2,1,3,16532,13867,0,0,14,3,3,0,13,4,1,4,3,1,3,0
30,1135,1,3,3,78,2,3,4,5908,8299,3,0,18,2,4,0,0,2,4,3,2,0,2,0
29,888,1,2,4,77,4,1,3,8011,12273,0,0,12,3,3,0,20,0,4,3,2,2,4,0
47,1174,4,2,3,45,3,2,3,5376,13258,2,1,17,3,1,2,6,4,4,4,0,1,5,0
50,759,11,3,3,32,4,1,4,4794,18486,3,0,24,3,3,0,14,2,4,3,1,0,6,0
30,845,8,3,4,58,3,1,4,4333,10933,3,1,12,3,2,2,15,2,1,0,3,3,6,1
27,1417,4,4,4,50,3,3,3,4425,15021,3,1,24,3,2,0,7,1,4,1,1,1,0,0
40,790,6,3,1,86,2,1,3,6662,16202,1,0,22,2,3,1,5,3,3,0,1,0,0,0
30,969,2,3,4,86,2,3,2,5905,15807,2,1,24,3,2,0,11,3,4,5,4,4,5,1
42,1390,5,3,3,61,3,4,3,4838,24556,2,0,12,2,4,1,18,1,2,3,0,0,8,0
38,1207,3,5,2,72,3,3,4,10454,8773,0,1,13,3,2,2,10,2,3,2,3,3,1,0
20,562,1,2,2,72,2,3,3,2000,24166,0,1,10,2,4,0,16,1,1,8,2,1,0,1
51,647,6,2,3,87,2,1,4,6341,17892,2,0,20,3,4,0,18,0,1,1,1,0,1,0
53,507,4,3,4,59,1,1,3,7036,21527,2,0,19,3,4,1,10,4,4,4,1,1,1,0
29,1130,2,3,3,49,3,4,4,8720,15316,3,1,12,4,3,0,11,1,4,0,0,0,4,1
32,947,12,2,4,48,3,3,3,4757,15715,3,0,21,3,4,1,13,4,3,6,1,0,0,0
38,634,1,5,1,67,1,3,1,5453,22948,1,0,14,3,4,0,21,3,3,5,1,0,0,0
39,1457,1,2,3,61,2,3,3,8046,23230,2,0,12,4,2,1,9,1,3,8,1,0,6,0
42,1029,1,4,4,60,2,2,2,10358,12057,1,1,16,3,3,1,21,3,3,10,3,2,0,0
56,741,7,2,4,36,3,1,1,4229,11387,1,0,11,3,1,0,14,1,4,7,1,3,4,0
34,1000,6,3,2,80,1,3,4,5616,16435,0,0,13,4,3,1,6,0,3,9,4,3,1,0
28,1179,2,5,3,44,4,3,2,11376,23304,3,1,15,3,3,1,11,2,3,2,3,0,3,1
22,576,5,2,2,43,1,2,4,2000,13480,2,1,22,4,2,0,3,0,4,2,0,2,0,1
28,774,2,5,3,58,2,4,2,3480,19084,2,0,21,3,4,0,1,3,3,14,0,0,1,0
35,1306,7,3,4,45,4,2,2,10228,20038,0,1,16,4,1,1,16,2,3,12,0,1,1,1
53,959,3,5,4,70,3,1,4,8486,21237,3,0,20,3,4,0,18,2,4,3,8,4,5,0
30,1046,2,3,2,56,1,4,3,6381,17586,2,1,18,3,1,3,11,2,4,2,6,0,2,0
38,932,13,3,4,61,4,3,3,3927,14841,3,0,15,3,3,1,12,4,4,10,0,8,0,0
35,543,1,2,3,67,3,2,3,3162,24439,2,0,20,3,1,0,7,0,3,1,2,3,4,0
47,665,1,3,3,44,4,1,3,3656,18392,5,1,20,3,2,2,13,0,3,0,9,2,0,0
60,945,4,1,3,40,3,1,4,10657,20385,3,0,19,3,4,0,27,2,2,5,4,2,8,0
30,709,17,2,3,91,3,3,4,3589,13864,0,0,19,3,3,1,20,3,1,0,2,2,0,0
31,549,2,2,3,60,4,2,3,5170,19389,3,1,20,4,3,0,11,3,3,2,0,10,2,0
46,1343,1,3,3,58,2,4,4,3371,12382,2,0,15,3,4,2,10,1,2,8,0,2,0,0
42,1481,2,4,3,32,3,5,2,7490,12166,4,0,23,4,1,2,8,1,3,1,3,0,2,0
54,1293,3,2,2,64,3,3,3,3754,20150,2,0,12,3,4,1,0,0,4,13,4,1,2,0
41,1353,1,2,4,68,1,2,4,4680,16863,4,1,23,2,1,0,8,2,4,15,2,0,1,0
32,741,5,3,3,69,1,3,3,2118,19615,4,0,15,3,2,0,17,2,1,8,0,7,0,0
41,1460,30,2,2,79,2,2,4,2193,12580,2,0,11,3,2,0,4,4,3,21,8,4,6,0
47,696,3,1,4,42,3,1,4,4933,18178,2,0,19,3,4,0,9,3,4,3,5,1,4,0
44,1451,2,2,4,47,3,1,4,2533,15546,3,0,15,3,2,0,3,0,3,4,0,3,3,0
41,1494,2,5,4,86,3,2,4,14080,18148,2,1,22,3,4,1,18,2,4,9,0,4,2,0
46,1211,1,4,3,96,1,4,2,2000,12944,2,0,16,3,4,2,1,2,4,3,2,0,3,0
47,1481,10,3,2,39,3,1,2,3294,20162,3,0,20,3,3,0,16,1,3,2,1,1,0,0
49,1069,2,3,3,64,4,1,3,4955,21700,3,1,14,4,3,0,20,5,3,4,0,1,8,0
42,759,2,3,1,44,3,5,4,4094,12418,2,1,13,3,4,2,9,0,3,5,0,2,1,0
34,936,5,3,4,34,3,1,2,2829,13110,2,1,15,3,3,2,6,0,3,6,9,0,3,1
37,1093,2,3,2,52,4,3,1,3044,19239,2,0,19,4,2,1,15,3,3,5,5,2,2,0
48,573,5,3,2,40,4,2,3,2994,19824,4,0,19,3,3,0,24,2,4,6,0,1,3,0
27,1122,1,2,3,79,3,1,4,4258,19969,4,0,18,3,4,1,22,3,4,5,6,0,6,0
39,1481,8,1,3,67,4,4,4,13042,19605,3,0,24,4,4,2,11,3,2,3,3,0,1,0
32,690,14,3,4,40,3,1,3,5110,14677,2,0,20,3,2,0,4,1,4,0,1,0,4,0
36,1292,5,4,3,30,4,2,2,8879,14712,4,0,23,4,2,1,10,4,3,7,6,0,2,0
48,1407,15,3,2,86,2,1,3,6332,12331,2,1,11,3,4,1,0,4,4,0,2,1,0,1
37,1443,1,4,2,42,2,1,2,8577,10666,2,0,10,3,1,0,7,0,2,24,5,2,1,0
36,1460,3,5,3,72,1,1,1,2000,19773,6,1,14,2,4,2,15,3,2,8,1,0,5,1
22,1021,4,2,2,53,4,1,4,4220,9584,1,0,12,4,1,1,9,5,3,5,2,1,1,0
43,1477,4,3,3,70,3,1,4,9448,23942,0,0,17,4,4,1,7,2,3,16,1,1,1,0
42,1257,2,3,3,52,2,3,2,3692,22053,1,0,17,4,4,1,11,0,2,4,1,0,2,0
57,661,2,5,4,36,2,2,1,11863,22577,1,0,18,3,3,0,9,1,4,0,2,1,2,0
32,976,1,5,4,45,4,2,3,10321,23413,2,0,21,3,1,1,18,1,3,4,8,2,6,0
38,1218,2,3,4,43,4,2,3,3887,14946,0,0,24,2,3,2,1,3,4,1,2,0,0,0
38,747,1,2,4,59,3,4,2,3821,22393,5,0,23,4,3,3,16,1,3,2,0,0,2,0
51,1140,6,4,2,76,3,4,3,2960,10687,4,1,11,3,3,0,11,0,2,3,0,10,1,1
35,1166,1,2,2,48,3,3,2,3587,8367,3,0,15,3,3,0,15,2,3,7,5,2,1,0
38,662,1,4,3,30,3,4,4,2653,21343,2,0,13,3,2,3,0,2,4,3,1,1,7,0
42,1065,4,5,4,66,4,2,4,6090,9271,1,1,12,3,3,1,19,0,3,3,1,1,0,0
37,1271,4,3,4,72,2,2,3,2373,24804,2,1,18,3,4,3,16,2,1,1,4,3,0,1
31,998,10,3,4,97,3,2,3,6646,19471,3,0,18,3,3,0,25,3,4,3,8,3,3,0
37,512,4,3,1,71,3,3,4,6728,20808,4,0,13,3,3,0,5,0,2,1,4,0,0,0
46,509,2,3,4,62,3,2,4,2141,12178,1,0,20,4,3,0,7,1,3,1,0,1,3,0
25,857,8,3,3,70,3,2,2,10666,19455,0,0,20,3,4,2,0,2,3,7,1,2,5,0
37,1426,3,4,1,94,3,5,2,6353,8734,1,0,10,3,3,2,5,1,3,2,4,0,0,0
28,728,1,5,3,87,2,4,3,7149,22243,0,0,15,3,2,1,23,0,2,0,7,5,0,0
47,1134,4,5,1,52,3,2,1,3363,10883,2,0,23,4,1,0,14,1,4,2,15,1,0,0
20,722,11,2,3,46,2,3,3,6708,19855,2,0,17,3,4,0,6,1,4,5,2,0,0,0
30,821,2,4,3,48,2,1,3,8631,11816,0,0,15,3,4,1,13,2,3,8,5,4,0,0
39,1348,1,4,3,65,1,1,3,4678,9163,0,0,13,3,4,1,11,1,2,16,0,0,6,0
51,1228,1,2,3,82,4,2,3,13372,16185,0,0,13,3,1,1,0,5,2,6,1,0,4,0
35,595,1,1,4,65,3,2,3,5024,10877,0,0,11,4,3,0,0,3,2,2,1,2,0,0
30,928,2,2,4,34,3,1,4,8694,20400,2,0,22,4,4,1,20,1,3,1,11,0,6,0
54,529,4,5,3,80,3,3,2,5690,12038,3,0,11,3,3,0,17,2,3,0,0,2,0,0
21,980,1,3,4,86,3,2,4,6586,13822,2,0,14,3,2,1,0,3,1,4,1,0,3,0
18,1162,14,4,4,50,3,2,1,2130,17646,2,0,10,2,3,1,10,2,3,3,7,0,0,0
40,618,7,2,1,76,3,1,1,5916,12844,3,0,21,3,4,3,6,3,3,5,1,0,0,0
30,788,4,4,3,59,3,1,3,3403,14425,2,0,10,3,1,1,20,3,4,1,0,2,4,0
25,897,8,1,2,92,3,4,1,3218,21865,3,1,14,3,3,0,15,3,3,1,3,0,1,1
43,1419,1,3,1,89,3,2,1,11755,11046,3,0,18,3,3,0,3,2,3,1,4,1,2,0
38,1493,3,3,4,66,4,5,2,4416,9397,3,0,16,4,3,3,12,1,3,7,1,3,1,0
30,544,4,2,4,78,4,5,3,2976,13582,2,0,14,3,3,0,11,2,3,0,8,4,0,0
23,1261,8,4,2,91,2,2,4,4106,15214,0,0,14,3,3,0,11,0,3,4,0,2,4,0
44,871,7,2,4,64,2,1,2,2565,17225,4,0,21,2,2,3,7,2,3,0,7,1,5,0
42,892,1,3,4,51,3,4,4,10066,14331,1,0,24,3,2,1,12,2,3,3,4,1,0,0
35,1254,14,3,4,82,3,5,2,3470,21428,2,0,15,4,3,1,5,1,3,0,1,2,1,0
54,1418,1,3,2,45,1,3,3,6403,8668,3,0,10,3,1,0,2,2,4,0,4,4,2,0
25,1450,10,2,4,57,4,3,3,9682,15340,5,0,10,3,3,2,2,2,3,0,0,4,2,0
20,1077,17,1,3,90,2,3,4,3827,14498,1,0,21,3,3,0,3,2,3,2,0,5,2,0
29,857,1,5,3,80,4,2,4,6412,19008,2,1,18,3,2,0,15,4,4,2,7,3,3,0
35,1287,6,2,1,58,3,2,4,2936,24426,2,0,21,4,3,0,15,2,2,8,0,0,10,0
38,751,1,4,1,45,4,4,1,16695,16676,3,0,20,3,3,0,23,3,3,1,0,2,1,0
33,1064,2,5,4,54,2,3,4,7849,24776,3,1,23,4,2,3,10,1,4,0,1,3,2,0
39,858,3,2,3,49,2,1,1,4463,13138,1,0,23,4,3,1,17,3,3,4,0,4,3,0
23,1156,4,2,2,42,3,2,4,3339,8524,4,0,21,4,4,1,12,1,2,5,5,5,2,0
50,740,13,3,2,82,2,1,2,4642,10816,2,0,17,4,3,3,14,2,3,1,7,1,1,0
35,691,5,5,4,47,3,1,3,4146,14717,3,1,14,1,3,0,18,0,2,4,1,2,2,0
47,1418,3,5,1,61,3,4,1,13049,13377,1,0,17,4,1,0,16,2,3,7,1,0,3,0
39,601,8,3,4,57,2,1,1,2663,9649,3,0,17,3,1,1,12,2,2,2,2,1,2,0
40,1005,15,4,1,98,2,1,4,5257,15355,1,0,19,2,1,1,7,0,3,3,0,1,0,0
41,720,1,2,2,57,4,2,4,4869,13747,1,0,12,2,4,1,14,2,3,0,1,6,2,0
40,538,20,5,3,35,2,2,3,4634,10084,1,0,19,3,3,0,22,0,3,0,0,4,6,0
42,536,1,5,3,36,1,2,4,4654,13033,4,0,16,3,2,1,13,2,3,19,1,3,6,0
49,675,8,2,3,71,3,1,4,4637,23069,2,0,19,3,4,0,8,5,2,1,2,0,4,0
37,1366,1,2,3,71,4,1,2,7604,13134,0,0,13,2,2,0,18,1,3,1,7,1,3,0
43,782,1,2,4,59,3,1,1,6664,20137,1,0,16,3,2,0,0,2,3,18,4,2,0,0
35,1450,2,2,3,60,2,2,1,6059,18404,4,0,13,3,3,0,9,3,2,6,3,0,1,0
50,1081,5,4,1,33,3,1,3,2000,15262,1,0,23,4,3,0,4,2,4,4,1,0,0,0
29,936,2,3,3,66,4,5,2,5709,12063,1,0,17,3,3,0,11,1,3,6,6,4,5,0
54,1080,1,1,4,65,4,2,1,2147,14273,3,0,13,3,3,3,21,1,2,6,8,0,1,0
35,1016,4,3,3,40,3,1,2,6789,18065,0,0,10,3,3,3,17,1,1,7,8,0,4,0
21,1258,11,5,1,37,3,3,2,10272,13962,1,0,20,3,4,1,0,0,1,0,0,1,5,1
37,782,2,3,4,38,3,2,4,3092,11653,1,0,13,3,4,3,7,3,3,2,2,5,6,0
29,853,1,3,3,37,1,3,2,4311,9979,2,0,24,3,4,3,0,0,2,1,3,3,4,1
44,1394,2,2,3,72,3,1,3,3642,22956,2,1,18,3,4,0,20,1,1,0,1,7,2,1
29,1446,1,5,1,43,3,2,3,9115,15485,1,1,14,3,3,1,7,0,3,2,14,2,2,0
31,1392,8,4,2,47,4,3,3,5153,18628,2,0,19,3,3,3,12,2,4,4,1,1,1,0
18,919,8,2,3,42,2,4,1,11662,16336,1,0,14,4,3,1,12,2,3,0,0,5,0,0
31,1280,4,1,2,97,1,1,3,6044,22833,2,0,22,3,4,0,13,1,4,1,1,1,0,0
18,976,2,1,3,89,3,2,1,5548,17297,2,0,14,4,3,1,0,2,2,5,1,0,0,0
20,997,8,2,3,46,3,2,3,5085,16173,4,0,24,3,2,0,14,1,1,4,7,1,8,0
43,704,4,3,2,52,4,4,2,7398,23718,1,1,19,1,4,0,7,4,1,10,1,3,0,1
43,1091,8,5,4,44,2,4,3,2061,20234,4,0,22,4,4,0,18,1,4,7,1,4,3,0
40,686,4,3,4,64,2,1,4,5129,9896,3,0,11,4,4,0,13,1,3,16,2,0,0,0
26,831,7,4,4,31,3,1,3,4745,11020,3,0,15,3,2,0,17,3,3,4,0,1,11,0
35,1355,4,3,1,76,3,2,3,7063,21381,1,0,21,3,2,2,6,3,3,5,4,4,1,0
35,707,2,4,1,66,4,1,3,4474,22209,3,0,19,3,3,0,2,4,3,9,4,0,1,0
24,571,15,4,3,92,3,2,4,2923,17268,2,0,12,3,3,0,19,2,3,9,1,3,1,0
51,569,3,2,2,41,4,1,2,4932,17425,2,0,15,2,2,0,16,1,3,6,9,1,5,0
44,1440,4,3,4,86,3,3,4,2860,18742,1,0,13,4,3,1,13,2,4,3,2,0,0,0
33,1006,1,3,2,85,4,5,4,2000,15464,1,0,19,4,2,3,13,4,3,1,3,1,5,0
36,909,4,1,3,38,3,5,3,7069,19563,0,1,15,3,2,0,15,0,3,10,7,1,3,0
38,1310,4,3,3,57,4,2,2,6565,9844,3,0,14,4,4,0,1,1,3,7,3,2,0,0
18,1335,1,3,3,41,2,2,3,6207,24341,3,0,13,3,4,1,20,1,4,9,1,5,0,0
33,832,1,5,2,47,3,4,1,9428,20752,3,1,16,3,1,1,10,2,2,0,0,1,4,1
29,1193,4,3,3,48,2,1,1,3524,18729,1,0,12,3,3,0,10,2,2,1,3,3,0,1
25,1271,7,4,2,68,3,3,1,2402,13377,1,0,24,3,1,0,8,4,4,2,10,2,6,0
33,1154,3,3,4,58,3,2,2,4745,10736,1,0,12,4,1,1,0,2,3,9,1,0,0,0
53,651,1,4,1,96,2,1,3,4130,14958,6,1,23,4,4,0,16,1,4,11,1,1,2,0
42,1375,5,3,4,38,4,2,4,3225,19246,3,0,16,3,4,3,4,1,3,1,2,2,3,0
30,1039,1,4,4,98,2,1,2,4722,18773,1,0,15,3,4,0,12,2,3,5,3,0,3,0
41,782,2,3,2,46,4,3,4,3619,14504,4,0,13,4,3,0,5,1,1,0,0,1,1,0
49,925,1,3,4,84,4,1,4,2000,18425,1,0,19,4,4,2,9,5,3,2,6,9,6,0
45,537,1,3,1,53,1,2,4,3941,21833,1,1,20,3,2,2,8,2,3,3,6,2,4,0
36,627,1,3,4,40,3,1,4,2784,8446,2,0,17,3,2,0,5,2,3,7,2,0,2,0
29,1265,2,2,3,90,2,4,3,5518,15660,0,0,10,4,2,3,10,1,2,11,0,0,2,0
42,500,1,1,3,51,1,2,1,3540,20895,2,0,23,3,4,1,8,3,4,2,3,0,2,0
39,916,2,1,3,76,3,2,3,8568,17284,0,0,24,3,2,0,3,1,3,3,0,1,8,0
44,1022,3,4,1,69,4,2,3,10959,19075,1,0,16,4,2,1,21,2,2,5,2,0,6,0
42,554,3,2,4,63,1,2,4,6902,16783,3,0,19,3,3,0,5,0,4,1,0,0,0,0
46,1473,2,2,1,64,3,1,4,2263,24861,3,0,16,4,1,0,16,0,3,21,2,0,0,0
30,726,9,4,4,81,3,3,3,10431,8928,2,0,14,3,1,0,17,4,3,10,1,1,11,0
49,804,1,3,3,36,4,1,3,10806,16347,1,1,11,1,2,1,19,0,4,1,5,0,0,0
37,803,3,3,4,76,1,1,2,4961,9554,0,0,16,3,1,2,7,0,1,3,4,0,9,0
56,730,1,2,2,92,3,3,1,9522,10716,2,1,22,3,4,0,10,1,1,1,15,0,3,1
29,501,1,5,3,34,3,1,3,3729,14511,1,0,10,3,3,0,10,2,3,3,0,0,0,0
53,1229,4,4,3,39,3,2,3,2000,10644,2,0,18,3,2,1,16,3,2,5,0,0,1,0
37,1466,4,4,4,80,4,2,4,3360,24382,4,0,23,3,2,1,10,1,4,0,1,1,1,0
29,724,10,3,1,60,4,2,3,11668,24095,1,0,13,4,4,2,15,2,4,10,0,1,5,0
31,1163,4,4,2,58,1,3,4,2331,13713,4,0,12,3,3,0,9,4,3,4,0,0,1,0
32,1241,16,2,2,39,3,3,3,4913,18875,0,0,21,3,4,1,20,2,4,22,2,3,1,0
40,1348,1,1,4,65,3,3,4,4999,17073,1,0,13,3,3,0,11,1,1,0,2,1,7,0
41,922,1,1,2,38,3,3,2,3802,21864,0,0,12,3,2,2,10,1,3,8,0,0,0,0
30,802,1,3,3,63,3,1,4,3937,18666,1,0,15,3,4,0,14,1,4,7,1,0,2,0
35,825,1,3,2,83,3,2,4,5095,8004,1,0,15,3,3,0,25,2,4,0,2,7,2,0
57,1212,3,3,4,48,3,2,2,3710,20973,5,0,23,4,2,1,7,2,3,2,0,7,0,0
53,1316,5,1,4,63,4,2,2,2413,20696,1,0,19,3,3,2,20,1,2,10,6,0,0,1
40,681,1,3,3,99,1,5,4,5472,16665,1,0,16,3,3,1,5,0,2,3,0,0,1,0
36,870,14,4,3,78,4,3,1,8405,23349,0,0,18,3,2,3,12,2,3,2,0,1,0,0
37,1401,9,3,2,88,3,1,3,7591,23443,3,1,24,3,4,0,5,2,3,11,0,1,1,0
42,1306,1,4,1,59,3,1,3,3278,16906,2,0,11,3,4,1,9,2,1,0,0,1,2,0
25,1484,1,2,2,83,4,1,4,2629,18335,2,0,13,4,2,1,6,2,3,3,6,1,3,0
33,1254,1,4,4,32,3,1,4,4263,24940,2,0,24,3,3,1,17,2,4,5,0,0,2,0
19,893,1,3,3,38,3,1,3,10763,13079,3,0,24,3,4,2,8,1,3,4,3,0,1,0
39,1090,1,2,4,44,3,2,3,6787,13518,1,0,12,3,2,2,16,1,2,1,1,1,0,0
42,1161,3,2,3,58,3,4,4,6988,11107,1,0,12,4,3,1,7,3,4,4,3,5,0,0
31,578,1,3,4,89,4,3,4,7668,23229,1,0,16,3,4,1,11,1,2,6,7,0,1,0
51,1044,2,4,3,54,4,1,4,6065,20656,3,0,10,3,3,3,23,2,4,4,5,2,7,0
23,1209,22,3,3,75,2,2,3,5220,9795,4,0,19,3,4,0,6,2,2,5,0,1,0,0
21,667,5,2,2,79,2,2,2,6844,24690,3,1,11,3,4,2,6,2,3,1,5,0,1,1
38,1280,14,4,3,71,3,3,3,3740,20426,0,1,10,2,4,3,10,5,3,8,1,3,3,0
46,1083,1,3,3,55,1,4,4,2423,22458,3,1,17,2,3,1,11,0,3,2,1,1,3,0
52,1452,2,3,4,70,3,4,1,7055,8818,3,0,24,4,4,2,16,2,3,21,3,1,10,0
31,542,4,3,4,53,2,2,2,9125,16584,0,1,16,3,1,0,12,4,2,0,8,1,0,1
46,765,1,2,3,35,3,3,1,2809,19876,3,0,15,3,3,0,13,1,3,2,0,0,0,0
35,1101,1,3,1,99,1,1,3,7412,17230,4,0,24,3,1,1,2,2,3,0,4,1,1,0
34,796,5,3,3,38,3,2,4,11388,19333,1,0,17,3,3,0,14,1,2,4,0,1,0,0
44,1214,5,5,3,35,3,1,1,4909,21903,3,0,15,3,2,1,14,1,4,1,1,0,2,0
42,1259,2,3,2,91,3,2,4,3264,14363,2,0,15,3,4,2,17,1,4,6,6,1,6,0
20,602,3,3,4,51,4,3,4,5226,22427,1,0,12,4,3,0,9,0,4,10,2,0,3,0
50,1013,2,3,4,75,4,1,2,3732,10769,5,0,17,3,1,0,11,0,3,1,0,0,0,0
49,1008,1,5,4,53,3,1,4,3610,12605,1,0,16,3,4,1,17,2,2,0,2,3,0,0
29,869,2,4,2,57,1,1,4,6103,8736,0,0,14,4,4,0,3,0,3,10,4,0,7,0
39,1432,1,3,4,48,4,1,4,2204,14195,2,0,12,3,3,1,0,2,4,2,2,2,2,0
40,1327,1,4,4,54,4,1,2,2387,14458,1,0,14,3,1,1,3,1,1,2,0,5,7,1
38,1197,15,3,3,58,4,1,1,4962,21689,4,1,17,3,4,0,6,0,3,1,1,0,3,1
30,1214,4,3,3,80,2,1,2,4860,19103,1,0,10,3,4,0,20,6,3,2,7,1,15,0
29,961,6,2,4,65,4,1,4,5835,15424,1,0,12,4,3,2,28,0,2,1,3,1,6,0
35,1420,1,3,3,96,2,5,4,12551,19085,2,0,24,2,3,0,4,2,3,5,3,1,1,0
47,1194,2,2,3,32,3,2,4,5178,8897,1,0,18,3,3,1,11,2,4,3,4,1,4,0
41,1228,1,5,3,65,4,1,3,6628,11064,3,0,10,4,4,3,7,2,3,7,0,1,1,0
32,1361,1,3,3,70,2,2,2,3017,18658,5,1,20,3,2,2,15,1,2,1,2,0,0,1
43,774,1,5,2,94,4,4,3,7215,18903,1,0,10,3,2,0,14,2,3,3,1,0,0,0
18,1307,7,3,4,33,3,3,3,3777,21160,2,0,21,3,4,1,4,1,2,1,0,2,1,0
47,695,5,3,4,70,4,1,4,5093,14850,3,0,21,3,1,2,7,2,3,13,0,0,0,0
18,845,3,3,3,89,2,2,3,4654,20283,3,0,19,3,4,1,10,2,4,3,4,3,0,0
32,835,3,2,1,46,4,3,3,8237,19627,3,1,20,3,3,2,21,3,3,0,0,2,2,0
24,1478,12,3,3,91,1,3,2,2552,24377,2,0,11,3,3,1,6,1,3,1,1,0,9,1
23,1356,1,1,2,31,3,3,2,2000,11657,0,1,20,3,2,0,0,2,3,0,1,0,2,1
47,1201,1,3,1,81,3,4,2,4417,17378,2,0,12,3,4,1,22,1,3,0,0,0,1,0
31,1227,2,3,3,95,3,4,1,6212,18229,3,0,15,3,4,1,15,2,3,3,1,1,0,0
39,1062,7,4,3,76,2,2,3,5303,24977,2,0,24,3,4,1,2,3,4,2,4,3,0,0
35,1447,24,2,3,60,3,2,1,9100,11420,0,0,17,3,4,0,14,3,3,16,0,0,3,0
40,996,1,2,1,33,2,3,2,6116,16894,3,0,24,3,2,0,18,0,4,0,0,0,5,0
36,880,10,3,3,94,3,3,4,3707,13885,4,0,11,3,3,3,12,5,4,7,3,0,1,0
23,663,8,5,2,62,2,1,3,2000,16940,1,0,17,3,3,0,22,4,4,1,2,0,2,0
45,1286,1,4,4,32,4,5,4,4364,11946,4,0,10,3,3,0,16,0,4,1,3,1,3,0
31,1234,2,3,3,78,1,1,4,8217,8809,0,0,19,3,4,2,14,2,2,17,0,1,0,0
20,884,2,3,4,63,2,2,3,4039,17733,3,0,11,3,3,1,13,3,3,8,4,0,1,0
31,525,19,1,3,38,2,4,4,4984,13709,3,0,12,3,4,0,13,1,3,4,1,1,3,0
51,1338,1,5,1,44,3,1,1,6067,11093,3,0,13,4,4,1,19,5,3,5,2,0,3,0
44,511,8,3,4,34,2,2,4,2958,13506,3,0,21,4,2,1,10,3,4,23,0,0,0,0
32,1203,2,2,2,70,3,1,4,6711,8837,2,1,12,3,4,1,19,1,1,4,0,0,0,0
32,1470,6,3,3,73,4,2,4,11142,24157,1,0,22,3,3,3,14,1,2,0,4,1,3,0
32,937,2,2,3,65,3,1,2,4507,17879,3,0,11,3,4,0,12,2,4,0,0,1,0,0
56,734,4,5,1,87,3,2,3,2794,21851,1,0,10,4,3,1,9,4,1,5,0,0,5,0
39,1204,8,2,4,90,1,2,2,4753,15193,3,1,15,4,3,0,9,2,2,5,2,0,0,1
40,1317,8,3,3,73,3,5,3,2000,23356,3,0,24,3,1,0,14,1,3,6,2,0,0,0
46,1046,10,2,2,30,2,5,4,5816,16216,3,1,11,4,4,2,20,2,4,0,2,0,0,0
38,1467,1,4,1,78,4,1,3,6161,17757,2,0,11,3,4,0,16,3,3,14,2,1,7,0
33,551,5,4,2,59,2,3,3,11359,16360,3,1,21,3,1,1,6,1,4,4,2,0,4,0
34,1004,1,3,4,69,3,1,4,4460,20465,1,0,14,3,4,0,0,2,2,5,2,1,6,0
35,1218,2,3,4,75,3,1,3,6028,17633,2,0,20,3,3,0,17,5,4,0,7,0,1,0
35,1362,3,4,2,54,4,1,4,3195,12617,1,0,13,4,4,1,33,0,2,16,2,1,5,0
43,679,2,1,1,94,2,5,4,4112,10474,4,0,16,3,1,1,9,2,2,4,2,2,5,0
36,1300,3,3,4,39,3,5,1,2292,18304,3,1,13,3,3,0,8,0,3,4,0,1,1,1
43,1052,28,2,3,77,2,1,3,4458,16316,4,1,16,3,3,3,18,0,1,14,6,0,15,0
35,896,1,5,3,30,3,1,2,4218,9631,4,1,21,3,2,0,5,0,3,13,0,0,5,0
36,631,5,3,3,94,4,1,3,5707,14725,4,0,21,3,3,0,23,2,3,1,2,0,10,0
18,1365,2,4,2,37,3,2,4,3598,16751,4,0,17,3,3,0,15,1,2,13,1,1,6,0
45,657,1,3,4,36,3,2,4,5123,22057,1,0,23,3,2,0,11,3,4,6,2,0,4,0
39,809,1,2,4,53,4,1,3,4160,9293,0,0,13,3,3,0,5,2,3,0,1,0,8,0
45,790,14,2,2,56,3,3,2,4164,13924,0,1,13,3,4,2,19,2,4,1,3,4,1,1
18,1371,10,2,3,45,3,2,2,5116,21985,4,0,19,3,3,1,8,2,4,2,0,0,4,0
56,1172,11,3,3,70,3,4,3,5015,19023,3,0,19,3,2,0,17,5,2,4,1,5,0,0
34,1296,23,2,3,61,3,3,1,7191,12929,0,0,10,3,3,3,15,4,3,6,5,3,3,0
47,750,1,1,2,32,2,2,3,4627,22370,1,0,19,3,3,0,22,4,3,1,0,3,4,0
25,1124,2,4,4,52,4,3,1,4125,16385,2,0,15,2,4,0,13,1,4,9,0,3,3,0
42,1071,5,5,3,86,3,3,3,4489,16471,1,0,21,3,4,0,36,0,4,9,2,0,5,0
25,1332,3,3,3,78,1,1,2,3438,24601,1,0,22,3,1,0,16,2,3,5,11,0,1,0
29,1406,2,3,3,80,4,2,4,4105,24100,6,1,18,2,3,1,13,6,1,12,0,0,2,0
55,512,2,1,2,78,3,4,4,13569,14095,1,0,10,3,4,0,8,1,3,8,0,0,0,0
34,1174,4,3,1,51,2,1,3,3113,10389,2,1,19,4,4,1,19,1,4,1,2,0,0,1
38,551,4,4,4,36,3,1,1,4275,13536,0,0,21,3,3,1,9,2,3,8,0,3,3,0
44,1048,1,2,2,49,4,2,3,4049,8518,1,0,13,4,1,2,5,1,4,15,1,0,2,0
40,787,3,2,4,88,4,3,2,4343,8353,1,1,16,3,3,2,8,1,3,0,5,0,0,1
37,806,4,4,3,98,4,3,3,4164,14723,2,1,24,3,1,0,10,0,1,19,0,2,0,0
39,852,4,3,3,64,4,4,4,5651,23997,1,0,14,3,4,0,29,1,4,0,3,0,1,0
60,1121,1,1,3,30,1,2,3,2089,22813,0,1,13,4,1,1,14,0,4,3,2,0,3,0
35,834,6,3,3,39,3,1,3,8255,16694,1,0,13,3,2,0,6,2,2,7,7,0,2,0
38,1232,1,3,1,52,4,2,3,6743,17608,3,1,18,3,3,0,20,6,2,7,10,3,0,0
46,904,2,3,3,70,3,3,4,2640,8100,1,0,24,3,3,1,13,1,3,6,1,1,4,0
47,568,7,4,4,35,3,1,4,2000,11663,1,0,19,3,3,0,22,6,4,3,2,2,0,0
47,1283,4,4,4,96,3,1,3,3015,8421,3,1,14,4,3,2,27,1,3,5,4,0,3,0
42,785,1,3,2,55,3,1,3,4353,20827,3,0,19,4,4,0,0,2,2,6,1,5,0,0
24,932,5,5,3,93,4,2,3,17856,10475,1,0,19,3,3,3,0,1,3,3,0,0,15,0
52,1185,4,3,2,84,3,4,2,6448,22773,0,0,18,3,3,2,27,4,3,4,10,2,0,0
24,832,7,4,2,82,3,3,3,2000,18936,4,0,12,4,3,0,6,3,3,9,1,6,4,0
39,556,6,3,1,72,4,5,3,3481,11900,2,1,19,3,3,1,0,2,3,1,0,1,2,1
28,873,4,4,4,73,3,1,1,4785,10681,1,1,16,3,3,1,7,1,4,3,5,1,0,1
35,1444,3,5,2,74,2,4,2,5579,18669,3,0,10,4,3,1,4,3,3,0,2,0,0,0
39,1141,1,1,2,74,3,3,3,2546,23314,1,1,18,3,4,1,5,3,3,5,0,0,1,0
39,1171,1,5,2,68,4,2,4,4593,20212,1,0,24,2,3,1,18,2,3,1,0,3,4,0
40,1132,2,4,2,99,4,5,3,3432,13925,4,0,15,3,4,0,9,2,3,3,1,0,0,0
52,698,4,4,3,81,4,1,4,2830,17985,4,0,24,3,3,0,0,3,3,1,7,4,3,0
40,918,3,2,1,84,3,4,3,5595,13282,1,0,11,3,3,3,12,4,3,0,8,2,3,0
33,1250,1,4,2,91,2,4,3,7236,24985,2,0,20,3,3,0,5,3,3,3,1,1,0,0
45,601,1,4,3,45,4,3,3,7483,20730,4,0,11,3,2,0,10,3,4,2,5,1,0,0
47,777,3,2,3,35,4,2,4,6549,18444,2,1,14,4,3,0,10,4,4,2,1,0,7,0
23,776,1,5,4,63,2,1,1,3832,15195,2,0,18,4,3,2,18,3,3,1,3,0,1,0
41,932,6,1,3,65,2,2,3,7025,18508,1,0,18,3,1,1,7,2,4,14,1,0,0,0
43,1480,1,2,2,88,4,2,2,5736,13807,2,1,21,4,3,2,17,2,4,0,2,0,3,1
33,567,4,3,4,61,4,3,3,5255,8490,1,0,19,4,3,2,0,3,4,11,1,4,0,0
49,1018,14,3,1,69,4,3,4,3619,14716,3,0,18,3,4,2,19,2,2,6,0,0,1,0
34,679,1,3,3,66,4,4,2,3833,23818,4,0,23,3,4,1,22,1,3,0,0,1,0,0
37,1470,3,1,3,32,3,1,3,5099,18647,3,0,16,3,3,0,10,2,3,3,1,0,14,0
34,613,1,5,2,73,3,3,3,16646,9427,1,0,13,1,3,0,5,1,3,22,11,2,1,0
36,903,4,1,3,87,3,4,4,5713,23044,0,0,12,3,1,1,3,0,2,5,10,1,15,0
25,1237,3,2,4,41,1,3,3,3620,12570,1,0,15,3,2,0,11,1,3,0,5,1,1,0
21,1204,2,1,4,71,3,1,4,3241,12144,4,0,20,3,4,1,21,1,3,3,0,5,1,0
51,922,3,3,3,71,3,1,4,3843,13050,1,0,10,3,2,1,8,2,4,3,1,4,7,0
27,846,11,5,3,41,3,1,3,14598,17812,2,0,11,3,2,1,20,5,4,8,1,2,1,0
26,897,1,3,2,38,3,3,3,4025,17259,0,0,11,3,4,0,2,1,2,12,1,5,1,0
18,764,1,4,2,98,3,3,3,7734,16354,5,0,18,4,4,0,9,2,2,0,0,1,0,0
29,705,9,1,3,57,2,5,4,4072,20198,2,1,13,3,4,2,11,1,3,1,2,3,9,0
22,983,4,3,3,45,2,2,1,5600,13381,1,0,12,3,4,0,13,4,3,1,0,1,0,0
52,768,11,3,4,41,2,2,3,7301,21295,3,0,18,3,4,1,9,0,3,27,4,0,4,0
46,787,4,3,3,76,2,3,4,3692,10980,4,0,21,3,2,1,21,1,4,4,3,10,2,0
29,1156,8,1,3,72,4,4,3,3566,21304,1,0,14,3,3,3,22,3,4,10,1,0,0,0
58,1468,2,3,3,75,2,4,3,11264,19284,1,0,18,4,3,2,10,1,2,2,3,0,0,0
45,1103,6,3,4,36,2,3,3,8040,19614,4,1,11,3,3,1,7,1,3,6,0,0,8,0
32,576,12,4,4,92,3,2,2,7297,16186,4,1,24,4,4,1,7,2,4,1,0,0,4,1
18,575,4,3,3,57,3,3,3,7285,19339,1,0,15,3,3,0,20,0,4,12,1,0,3,0
58,1451,1,2,3,51,2,4,3,6184,9356,2,0,24,3,1,0,6,1,2,3,4,1,1,0
22,797,1,3,4,62,4,2,4,13478,22476,3,0,24,3,2,2,0,3,2,8,0,10,0,0
19,592,1,2,1,57,4,1,2,5023,8944,2,0,21,3,2,1,1,3,2,1,2,0,3,0
46,1099,1,4,4,90,2,1,4,6559,10528,3,0,10,3,4,1,17,3,4,5,0,3,2,0
60,1123,1,3,3,95,2,1,3,2379,17805,2,0,18,3,3,0,1,1,3,2,1,0,3,0
49,1148,4,2,3,51,4,3,1,3253,20569,8,0,11,4,3,2,8,3,3,0,0,0,1,1
41,767,4,5,3,90,4,1,4,2696,9296,2,1,23,4,3,0,12,0,1,2,3,2,13,1
41,515,2,3,4,84,3,1,1,9293,23653,1,0,21,4,3,2,0,3,1,3,2,4,0,0
44,1465,4,1,1,95,1,1,4,2000,24551,1,0,24,2,4,1,13,3,3,0,3,0,0,0
43,750,1,3,4,47,3,2,4,4019,18301,0,0,19,3,3,0,9,1,3,1,0,0,7,0
38,1176,1,2,3,70,3,2,2,2000,16181,0,1,17,3,4,0,0,1,3,3,0,0,3,1
37,1206,1,4,3,49,2,3,2,3243,20603,2,0,17,3,4,0,13,4,2,2,3,4,1,1
35,1110,3,4,2,87,3,1,3,3844,13582,1,0,15,3,4,2,15,0,3,2,0,0,4,0
28,812,1,5,3,30,3,1,3,9822,16385,3,0,17,3,3,2,13,4,4,3,0,1,1,0
33,771,1,3,3,69,3,2,3,5992,23574,2,0,19,3,4,1,16,1,2,0,1,4,0,0
19,1097,2,3,3,53,4,2,3,3240,24246,1,0,23,4,3,1,14,3,4,0,4,1,3,0
35,1366,8,4,4,52,4,1,3,8374,23760,1,0,18,4,4,1,17,1,2,9,2,5,0,0
26,1446,1,2,3,75,3,1,2,4958,12461,2,0,22,3,4,1,4,2,2,0,0,5,0,1
24,605,5,3,4,89,4,4,4,5007,11951,4,1,22,4,4,1,0,1,3,5,2,1,0,0
37,654,5,3,3,72,2,3,4,2693,13060,2,1,17,3,4,0,2,1,4,2,3,1,1,0
49,1444,8,1,4,89,4,1,3,2995,15502,2,1,15,3,3,2,5,2,3,17,1,0,0,0
45,1236,13,3,1,48,2,1,4,3253,13340,1,0,19,4,2,2,28,2,3,0,0,9,6,0
20,1382,1,4,3,66,1,5,2,5030,14361,1,0,16,3,3,0,5,1,3,8,3,0,2,0
26,702,1,4,3,61,3,3,1,5109,18550,1,0,11,4,4,2,7,1,2,3,2,3,1,0
45,1087,10,1,3,30,3,2,3,10636,20962,1,1,15,3,2,1,10,4,2,0,0,0,3,1
26,1201,3,1,4,68,4,3,3,5958,20504,2,1,24,4,3,0,9,1,4,1,3,0,4,1
33,1180,4,2,1,76,3,3,3,2000,21845,2,1,10,4,3,0,26,2,2,2,2,0,2,1
41,908,5,4,1,71,2,3,4,5604,8547,4,0,20,3,3,1,0,2,3,1,4,1,0,0
26,515,5,2,4,81,3,2,4,2380,8811,3,1,22,3,4,2,29,0,4,2,0,0,0,0
37,1082,13,4,2,69,3,2,3,3032,21419,4,0,19,3,3,2,13,2,2,12,0,0,5,0
22,753,28,2,4,34,3,1,4,3274,17062,5,0,18,3,4,1,19,0,3,2,2,0,0,0
29,950,6,3,3,38,3,4,1,3527,17828,3,0,20,3,3,0,12,1,2,2,1,0,0,0
39,1457,1,3,4,71,4,2,2,2471,8893,2,0,16,4,4,0,18,2,2,7,1,1,3,0
20,899,10,4,2,49,4,1,4,5441,12340,1,0,11,3,2,0,4,3,2,7,4,0,0,0
40,1339,1,2,2,35,4,4,3,2427,18852,3,0,24,4,2,2,1,0,3,0,2,0,14,0
35,688,1,3,3,60,2,4,3,5874,22606,2,0,16,3,4,3,32,1,3,6,3,1,6,0
41,1172,11,2,4,68,3,5,3,15040,23588,0,0,19,3,4,0,27,2,3,3,0,3,2,0
38,1477,1,4,3,53,3,4,3,2528,16507,4,1,17,3,3,2,3,0,4,0,3,1,5,1
49,601,1,4,3,80,3,5,2,4263,17273,3,0,10,3,3,1,17,3,2,1,1,7,1,1
37,508,1,2,3,75,3,1,3,2000,22161,2,1,24,3,3,0,21,1,3,0,0,0,4,1
31,933,9,4,4,53,4,4,2,4228,17139,0,0,21,3,3,1,17,3,3,2,0,3,3,0
37,592,3,3,4,82,3,4,1,6777,16786,1,1,12,2,2,2,10,4,2,1,0,1,0,1
41,1248,5,2,4,75,4,1,3,7046,23386,6,0,24,3,3,0,28,3,2,2,1,1,8,0
36,1414,1,3,1,74,4,1,2,5108,21428,1,1,21,3,3,2,17,1,3,4,1,1,5,1
36,934,7,2,1,68,4,5,4,7666,23454,3,0,17,4,3,0,4,3,4,6,13,0,9,0
28,758,7,4,3,30,4,1,1,17553,11710,2,1,19,4,3,0,8,1,4,4,6,0,3,0
29,934,1,4,4,78,3,4,2,11569,16914,4,0,11,3,4,0,3,1,2,5,5,1,1,0
21,1223,2,2,2,56,2,1,3,3784,22322,0,1,18,2,3,2,11,1,4,10,2,0,0,1
53,509,1,3,2,95,3,1,3,2379,9889,2,1,11,3,4,1,10,3,4,10,4,1,0,0
23,1089,18,4,4,87,1,2,1,4011,21509,3,0,18,4,3,2,18,0,3,9,0,2,0,0
29,1113,5,5,1,71,3,1,1,3061,11110,1,0,18,3,3,1,17,2,2,0,2,0,0,1
28,1137,13,3,3,47,3,3,4,6159,21738,0,1,23,3,1,1,15,0,4,1,1,0,2,1
44,742,1,5,3,44,3,2,4,2722,18404,1,0,20,3,2,2,14,3,3,3,0,0,3,0
33,1214,7,3,3,53,4,1,3,4739,11285,4,0,13,3,3,1,20,5,4,2,0,0,1,0
48,591,7,3,4,63,4,1,3,7472,16047,2,0,23,3,3,2,10,2,3,0,2,0,2,0
29,699,5,4,3,50,2,2,2,4673,19592,1,0,18,3,4,0,0,1,3,1,0,0,1,0
38,1377,16,3,3,66,3,1,3,3062,18775,1,0,19,3,3,1,28,3,2,18,3,0,3,0
27,1238,2,3,3,41,3,3,3,8843,15263,2,1,12,3,4,2,4,2,4,2,7,0,13,0
57,513,1,3,3,98,3,2,4,2000,23289,1,0,22,2,4,2,17,2,2,2,0,0,3,0
24,748,5,4,3,37,4,1,2,4171,16827,3,0,23,3,2,0,9,2,1,0,1,10,0,1
39,714,6,4,2,95,3,2,4,4813,16599,4,0,21,4,3,1,23,3,3,6,4,9,1,0
42,770,4,3,1,93,3,1,2,4954,9058,2,0,24,3,3,1,4,4,3,2,1,0,4,0
40,747,1,3,1,66,4,1,2,5378,23676,2,0,14,4,3,0,6,1,2,0,7,0,2,0
34,562,3,3,2,80,4,1,1,6668,11010,4,0,22,3,2,0,8,1,3,17,6,1,9,0
34,958,1,3,3,60,2,4,2,4828,16981,1,0,17,3,4,0,16,3,3,7,0,0,0,0
36,1232,2,2,4,74,3,4,4,4088,21660,1,0,12,3,4,2,13,0,3,6,0,1,1,0
34,1106,5,4,4,53,3,4,3,4008,11662,2,0,20,3,4,2,16,3,1,15,11,1,0,0
45,1172,6,3,4,51,2,2,1,3620,16965,1,0,20,3,3,0,13,1,3,2,9,0,4,0
58,581,1,3,3,70,1,1,4,7286,12091,1,1,14,3,3,2,19,0,2,6,1,3,2,0
30,1451,2,2,3,64,3,2,4,3557,20914,3,0,10,4,3,0,19,1,2,1,0,3,0,0
22,1338,1,2,3,70,3,3,4,7505,17593,5,0,12,3,3,1,24,0,3,5,2,8,1,0
35,1305,1,5,2,50,2,5,4,4961,22551,3,0,15,2,3,2,14,0,3,0,1,0,2,0
60,1322,7,3,1,55,3,1,2,3787,23207,1,0,12,4,2,2,14,2,2,0,8,4,15,1
27,1432,11,2,3,35,4,1,4,6695,19028,2,0,12,3,4,0,26,2,3,2,4,1,1,0
52,1044,2,3,4,33,2,3,4,3416,20331,6,0,15,3,4,2,21,1,2,0,3,1,0,0
52,700,6,3,2,47,1,4,4,6762,17336,1,0,24,3,4,1,16,0,2,3,1,4,2,0
30,1116,11,1,1,35,4,4,4,5466,14535,2,1,21,3,4,2,0,4,3,3,3,5,1,0
41,1242,9,3,4,37,1,3,3,3647,19018,4,1,14,3,3,1,0,1,3,4,1,2,2,0
52,1237,1,3,2,86,4,5,4,6401,23440,3,0,24,3,1,2,16,3,3,0,0,0,1,0
32,1021,15,3,4,32,3,2,2,6459,15083,2,0,19,3,4,0,17,1,3,0,2,1,3,0
33,568,2,3,4,76,3,4,3,8767,13344,0,0,16,3,4,1,6,0,3,4,2,1,7,0
30,871,2,3,4,49,2,5,1,7967,14603,5,0,17,3,3,1,14,0,4,5,4,3,0,0
25,1420,1,5,3,91,1,4,4,6283,15401,0,0,16,3,1,1,4,1,2,0,6,2,5,0
29,1084,3,3,4,63,2,2,2,2796,9250,1,0,13,3,4,1,16,2,2,3,1,0,8,1
23,1038,1,2,3,51,2,1,3,16718,16473,2,0,15,3,1,3,16,1,3,7,1,1,1,0
36,768,1,2,3,66,3,2,3,2436,16403,2,0,17,4,3,2,16,2,3,0,1,0,0,0
28,868,1,3,3,56,2,2,4,7900,18003,4,0,17,3,2,0,14,2,3,2,1,5,5,0
38,1395,8,4,2,69,3,4,3,6097,14167,3,0,21,3,4,2,9,2,2,1,4,0,3,0
20,1166,10,2,3,38,3,1,4,2732,18422,2,0,15,3,3,0,10,1,3,12,2,1,0,0
39,1287,1,4,3,99,2,1,4,4618,22929,2,0,20,4,4,1,21,3,4,1,7,4,1,0
44,954,9,1,4,59,1,3,3,4725,24243,1,0,18,2,3,2,15,1,3,1,3,1,2,0
18,1130,9,3,4,54,1,1,3,9440,17921,1,1,24,3,3,0,15,2,3,11,0,3,0,0
39,748,7,4,4,79,1,2,4,3440,8724,1,0,15,3,4,2,12,0,2,2,0,3,3,0
48,1205,1,3,1,55,3,2,4,4311,24477,6,1,23,4,2,2,17,5,2,3,1,0,3,0
23,927,5,3,4,88,3,3,4,2000,19999,0,0,22,3,3,1,19,3,1,0,1,1,6,0
52,942,14,2,3,61,4,1,2,11700,13711,3,0,19,3,3,0,6,6,3,20,1,2,2,0
40,1149,5,4,4,80,3,4,4,2877,10501,4,0,19,3,4,1,16,1,4,8,0,1,2,0
28,1436,2,1,4,37,3,2,3,5787,10438,3,0,11,3,2,3,10,1,4,5,11,1,2,0
35,564,3,4,1,89,3,4,3,4671,10851,3,0,24,3,3,0,14,1,3,0,0,1,0,0
41,1324,5,2,4,81,3,2,4,4679,8774,0,0,11,4,4,1,18,0,4,0,3,0,4,0
36,792,3,4,1,44,2,1,2,7368,23336,0,0,18,3,3,0,0,4,3,3,0,1,3,0
41,943,1,3,3,40,2,1,4,11334,17193,2,0,14,3,1,0,3,0,3,1,1,0,5,0
26,521,1,4,3,52,3,1,3,5573,19899,2,0,16,3,4,2,6,2,2,4,1,0,4,0
37,801,8,3,2,98,3,2,4,6819,22077,0,0,19,3,3,0,6,4,3,4,1,1,3,0
21,1002,9,5,4,47,3,1,2,5793,21456,1,0,23,3,1,3,10,3,2,9,2,1,0,0
34,556,1,2,1,61,3,2,3,8174,23004,0,0,16,3,3,1,25,2,3,1,2,0,7,0
26,991,15,2,2,32,3,2,4,3899,24443,6,0,24,3,4,1,21,1,4,4,2,2,1,0
28,1427,1,3,3,57,3,1,1,8414,15464,2,1,18,3,2,0,7,2,2,7,2,0,9,1
48,605,5,1,4,69,3,1,1,8563,24155,5,0,12,3,3,3,18,2,2,3,5,5,1,1
46,1264,6,2,4,96,3,3,4,8444,20295,4,0,12,4,4,0,11,1,2,8,6,0,0,0
42,909,8,5,4,66,3,5,2,3533,9201,1,1,20,3,1,1,14,2,3,0,4,0,6,1
25,1155,14,5,4,87,3,1,4,4518,19590,4,0,10,4,1,0,4,2,2,6,0,2,4,0
32,760,1,3,3,68,3,1,2,5539,19674,4,0,17,3,3,1,1,0,3,14,9,1,4,0
48,659,9,5,1,32,4,5,3,2476,23399,2,0,12,3,4,1,17,0,3,2,8,0,0,0
37,660,1,3,2,52,3,1,4,10910,14339,1,0,16,3,2,1,12,5,3,2,3,0,6,0
59,570,6,2,3,70,3,5,4,4884,17943,2,0,21,3,4,0,16,1,2,0,2,0,2,0
39,685,6,4,4,96,4,1,3,5664,8207,2,0,16,3,3,1,24,6,4,5,0,0,1,0
37,1164,5,3,3,90,3,4,3,3683,13645,2,0,12,4,3,2,10,1,3,4,4,0,7,0
32,1381,1,5,4,45,1,2,4,2531,9058,4,0,13,4,3,1,10,4,3,0,6,1,3,0
37,1314,10,2,3,45,4,4,2,3633,16871,0,0,15,3,4,0,26,2,3,6,3,4,0,0
34,1185,1,3,1,44,1,2,3,5484,21896,1,0,11,4,2,0,12,0,3,8,2,3,2,0
43,610,1,1,2,94,3,3,2,6882,11509,1,1,18,3,3,0,5,4,2,11,0,0,3,1
45,789,6,2,4,89,4,1,3,5328,16966,2,1,19,4,3,0,17,2,3,3,1,4,6,0
28,809,3,1,4,84,4,1,2,5845,11468,3,0,10,3,2,0,10,2,3,3,3,1,0,0
22,749,9,5,4,57,1,3,3,4152,10051,0,0,16,4,1,1,5,1,3,10,0,0,4,0
18,1015,2,4,1,65,3,2,3,6298,16686,1,0,16,2,1,0,12,0,1,2,3,2,4,0
41,1035,1,4,4,62,3,4,1,10315,9345,1,0,15,4,3,1,18,1,1,5,4,0,0,0
24,856,9,3,2,47,3,2,1,6991,17985,0,1,18,3,1,3,2,3,3,4,1,0,0,0
18,853,3,3,1,65,1,4,4,7367,8532,1,0,15,3,4,3,2,2,2,2,0,0,2,0
39,1328,1,2,4,32,3,2,3,5693,9814,2,0,16,3,4,2,11,4,4,0,5,1,4,0
60,1289,6,2,2,39,3,5,4,2317,17349,1,1,21,4,1,0,3,0,2,0,0,0,2,1
35,807,3,3,4,92,2,5,4,2915,18053,2,0,12,3,3,0,1,0,3,2,1,3,5,0
44,1413,4,4,2,82,3,2,1,6169,8492,3,0,19,3,1,2,12,3,3,3,3,1,2,0
36,1452,3,3,3,59,3,4,3,4887,17747,3,0,17,3,2,0,20,1,4,8,5,1,3,0
35,826,8,1,4,66,4,4,1,6123,22254,2,1,14,4,3,0,18,4,3,2,5,0,0,0
45,854,8,1,3,55,4,1,4,11364,20279,2,0,20,3,3,1,11,3,2,1,2,3,0,0
33,1005,6,2,4,81,3,3,4,7065,10230,0,0,18,3,4,0,22,3,2,3,1,1,3,0
38,1441,1,3,2,84,4,1,3,9222,18072,1,0,17,4,3,2,25,1,3,1,5,1,4,0
39,1376,9,5,3,83,4,4,4,5153,19428,1,1,20,3,3,2,15,5,3,0,2,2,2,1
29,602,5,3,3,80,2,1,2,3282,8632,2,0,22,3,2,2,9,1,3,0,2,0,2,1
45,892,5,4,2,44,2,1,3,4774,22540,6,0,24,3,1,2,24,1,2,1,1,0,2,0
34,1053,2,3,3,53,3,2,4,3286,23406,1,0,19,4,4,0,24,2,4,0,1,1,0,0
28,1003,10,3,2,62,3,2,2,10712,22457,1,0,23,3,1,2,14,0,1,1,1,1,3,0
41,693,6,2,4,53,3,4,2,7296,22018,3,0,10,3,4,0,21,1,3,7,1,0,1,0
27,1358,1,4,3,82,3,5,3,6375,20664,4,1,17,4,2,1,5,1,4,1,1,0,2,1
36,1176,2,4,2,53,3,2,4,9117,18768,1,0,13,2,3,0,0,0,3,0,15,0,2,0
35,1337,10,2,3,39,3,1,3,2000,19536,2,1,11,4,4,2,4,5,3,14,1,9,4,1
46,1358,1,3,3,57,2,3,4,6595,21708,2,1,17,3,2,3,13,4,2,4,0,0,1,0
40,1248,16,3,4,98,4,2,1,2552,19262,1,0,21,3,3,0,11,0,4,0,1,0,1,0
35,939,5,3,4,45,3,2,3,4896,13571,1,1,16,3,4,0,19,1,1,0,2,3,1,1
44,1110,4,5,3,72,4,2,4,4205,14391,0,0,20,3,1,0,0,2,3,4,7,1,4,0
49,660,1,3,4,60,2,2,2,6842,23249,1,0,17,3,4,1,0,3,4,3,4,1,1,0
41,1173,1,3,3,34,4,2,4,5508,8291,2,0,16,2,1,0,18,3,1,0,5,1,0,0
36,679,14,1,2,64,1,3,2,9629,19879,3,0,14,4,2,2,0,4,3,1,5,1,12,0
22,1193,1,1,4,79,2,2,1,3637,24231,2,0,15,1,2,1,9,4,4,13,7,1,2,0
25,729,7,2,3,65,1,4,2,7006,20005,5,0,15,4,4,1,12,2,3,4,0,0,0,0
32,617,2,1,4,91,3,2,4,5330,24896,1,0,19,3,2,2,6,1,3,2,1,3,3,0
29,665,1,4,4,50,4,1,3,2169,19688,1,1,11,3,1,0,16,5,4,1,1,0,4,1
34,501,1,4,3,36,3,4,4,3104,8584,1,0,11,4,3,0,0,1,3,0,1,0,2,0
36,1218,3,2,4,95,4,2,3,4559,22059,3,0,19,3,3,2,26,6,3,2,3,0,3,0
41,1232,18,4,4,56,3,1,3,8571,12838,2,0,18,4,3,2,9,3,3,12,1,2,0,0
35,1014,2,2,3,70,3,3,3,6197,15582,0,1,16,3,2,0,10,1,1,0,2,1,1,1
40,661,2,3,3,85,4,2,4,2741,13305,2,0,12,3,4,0,33,1,2,23,1,2,0,0
36,583,2,2,3,52,2,4,4,4581,12565,2,0,16,3,3,0,1,2,1,1,1,2,1,0
18,519,3,3,4,80,3,2,4,13479,15333,1,0,21,3,3,0,3,4,2,2,1,0,2,0
26,665,2,2,4,39,4,3,1,5195,14438,0,0,23,3,2,0,23,1,1,0,4,0,1,1
34,1390,10,3,1,50,4,1,3,4172,18766,1,0,20,3,3,1,0,1,3,4,2,1,2,0
23,741,3,3,3,40,4,2,3,6284,21823,3,1,10,3,4,2,15,4,2,3,10,0,2,0
41,854,3,5,3,86,4,5,4,7198,13050,1,1,20,3,3,0,7,0,4,5,5,0,1,0
51,605,1,1,1,45,2,3,2,3912,11633,5,0,13,4,1,1,0,1,4,3,1,4,0,0
48,722,20,2,1,80,4,1,2,6318,19337,2,0,14,4,2,0,16,3,3,2,0,2,0,0
33,1019,1,1,3,96,3,1,3,4169,19395,3,1,12,3,4,1,16,2,3,6,3,0,0,0
50,1107,1,3,3,66,4,2,2,7042,23319,2,0,21,3,4,1,12,0,2,0,3,2,3,0
37,745,5,1,3,67,3,3,2,5349,8271,0,0,19,3,1,2,28,1,3,3,1,1,5,0
32,557,4,4,2,62,3,3,4,6254,22501,1,1,19,3,3,0,5,2,3,0,0,0,3,0
29,891,2,3,2,52,3,3,3,3362,16857,1,0,20,3,1,0,18,1,4,2,2,0,3,0
32,734,2,3,4,63,3,2,4,3259,18562,3,0,13,4,3,1,14,0,1,7,0,0,1,0
32,719,7,3,3,72,1,3,4,7885,9553,4,0,16,3,3,0,19,1,3,0,8,0,3,0
37,1459,1,2,2,99,4,2,2,4723,15354,2,0,19,3,4,0,7,3,3,13,2,0,2,0
37,1116,8,2,3,95,4,1,3,5667,11864,3,1,19,4,1,0,0,0,3,10,1,5,0,0
36,1056,5,3,3,90,2,2,1,4216,12321,0,0,21,3,4,1,6,3,2,2,0,1,7,0
40,915,2,3,1,92,4,5,4,7702,16569,0,0,14,4,3,0,11,3,3,0,3,3,0,0
47,928,3,2,2,62,3,3,3,3626,21811,1,0,21,3,4,3,17,2,3,7,3,0,2,0
45,1040,1,2,1,76,3,2,3,4592,20644,2,0,16,3,3,1,12,1,3,10,2,0,2,0
21,1196,6,5,4,92,2,3,3,7280,18046,2,0,20,4,1,0,13,4,3,0,2,4,5,0
18,1202,3,1,4,57,4,4,3,8835,17170,2,0,16,3,4,1,25,1,2,12,2,1,7,0
45,671,1,4,4,97,3,2,2,3782,15264,2,1,24,3,1,0,11,3,2,12,1,4,8,1
22,1000,4,4,4,59,3,2,3,13093,24536,0,0,12,3,3,1,7,1,1,3,8,0,2,0
33,911,27,2,4,72,3,5,4,5748,17523,2,0,20,4,4,1,15,3,2,7,1,4,3,0
24,1370,2,2,3,79,1,4,4,2917,12317,1,0,18,3,1,1,0,2,2,2,0,1,0,0
18,1131,12,2,3,96,3,2,3,5910,11911,0,0,12,3,3,2,0,2,2,4,1,0,2,0
41,1032,2,3,1,47,2,2,3,4058,18393,1,0,10,3,4,0,10,3,2,1,0,2,6,0
43,615,1,3,3,82,2,2,4,6106,16888,1,0,21,3,4,3,4,0,3,0,1,3,1,0
30,1105,1,4,4,66,3,1,1,4810,8130,0,0,12,1,4,2,7,2,4,6,2,0,0,0
18,617,2,5,3,48,4,5,4,5100,22111,2,0,12,3,2,0,19,3,3,0,0,8,0,0
30,837,1,3,3,84,3,2,2,3115,19970,2,0,24,3,4,0,16,2,3,4,6,2,1,0
39,642,1,2,2,68,2,4,4,8062,19251,2,0,20,3,4,0,11,4,4,10,2,0,0,0
21,1192,12,2,3,76,3,1,3,2757,9169,2,1,13,4,4,0,12,5,3,1,1,0,1,1
37,706,9,4,4,52,4,2,3,2823,14154,0,0,18,3,4,1,8,3,2,2,1,0,1,0
35,891,6,2,4,63,3,1,4,5905,23901,3,0,18,3,1,0,18,0,3,4,1,0,1,0
41,1395,1,1,3,73,4,3,1,10953,22664,0,0,22,3,2,3,18,0,3,1,0,1,0,0
37,704,1,4,4,58,3,2,3,4120,12854,2,1,20,3,3,0,19,1,3,9,0,3,6,0
26,1007,1,3,3,43,4,3,3,6977,10670,0,0,22,4,4,0,19,3,4,2,0,2,3,0
47,919,6,5,4,97,2,1,4,8405,15634,4,0,13,3,3,0,12,1,3,4,1,1,2,0
34,518,13,3,3,65,3,1,2,7386,14049,0,0,19,3,4,0,6,1,4,1,0,0,2,0
35,1292,2,1,3,81,3,1,4,4206,19597,5,1,10,2,4,2,10,3,3,0,0,6,1,0
26,569,1,5,3,58,3,1,3,2848,24429,4,0,11,4,4,1,12,3,3,0,5,0,5,0
31,974,3,2,4,54,4,3,2,2000,14171,0,0,20,3,4,0,6,0,3,0,0,0,7,0
27,1060,2,3,4,58,4,2,4,4309,9057,0,1,10,3,4,2,25,2,4,3,2,2,0,0
34,1128,2,3,1,58,2,2,1,8857,23259,2,0,18,3,4,2,25,2,1,4,0,2,0,0
53,1188,4,1,1,68,2,2,3,2801,8645,3,1,22,4,4,2,11,3,3,0,0,8,3,1
22,753,6,3,4,68,3,1,1,6975,24197,1,0,15,3,1,2,20,1,4,0,4,6,0,1
19,509,1,2,3,64,2,1,3,3056,19297,1,0,10,4,2,1,16,1,3,3,0,4,7,0
50,1223,1,3,3,39,3,1,3,5182,24008,2,0,20,3,2,1,8,1,2,8,0,1,3,0
33,1035,25,3,3,64,4,4,3,7001,11394,4,1,23,3,1,0,15,1,2,4,2,0,1,1
29,1336,1,4,1,41,4,2,3,3534,8691,1,0,20,4,2,0,5,4,3,0,0,1,1,0
46,1321,1,4,4,38,3,1,3,5352,16299,1,0,18,3,4,1,4,2,4,10,1,0,3,0
29,1343,1,2,4,95,4,1,2,3993,15660,0,0,13,2,3,2,15,2,3,12,1,0,0,0
54,985,1,3,3,72,3,4,3,6992,13635,1,0,10,4,3,1,15,4,3,1,1,0,6,0
42,833,2,3,3,76,2,3,4,5528,24280,0,1,20,3,4,3,33,2,2,4,0,0,0,0
31,1291,8,2,4,58,3,3,4,5055,21983,1,0,13,3,3,0,10,1,3,3,10,1,11,0
57,951,2,4,1,93,3,2,2,10712,19246,2,0,22,3,2,1,7,1,3,14,2,0,0,0
29,683,2,4,4,74,3,1,1,6844,10768,3,0,16,3,4,1,19,6,3,3,2,0,4,0
43,1354,5,2,2,83,2,5,4,3480,20483,1,0,17,4,3,1,11,0,4,16,3,3,0,0
38,1382,3,3,3,55,3,3,3,4708,20359,4,0,21,3,4,1,6,3,4,1,4,2,1,0
49,966,9,2,4,97,3,2,3,4731,15226,3,0,21,3,3,0,7,4,2,2,2,5,2,0
51,575,10,3,4,87,4,4,4,5116,23721,2,0,19,3,3,0,10,4,3,7,4,1,0,0
36,887,1,2,3,89,3,3,3,17365,10838,1,0,24,3,4,3,20,2,1,7,1,0,1,0
28,1303,7,5,4,42,4,1,3,5916,12544,3,0,24,4,2,0,15,2,2,6,1,0,1,0
40,1401,3,4,3,48,4,2,4,2000,9074,3,0,24,4,4,1,5,2,2,9,5,2,2,0
29,703,22,3,2,49,2,1,4,3746,21522,2,0,22,3,1,1,26,4,3,6,6,3,2,0
56,566,3,3,4,48,3,1,2,2000,18569,1,0,20,1,3,0,4,2,3,5,0,0,4,0
37,1377,21,5,4,89,4,3,2,4167,13353,2,1,19,4,4,2,6,1,3,3,2,4,0,1
32,889,7,3,3,32,3,1,2,2000,10784,2,0,11,3,4,2,21,2,4,3,3,1,0,0
37,1041,1,2,3,35,4,4,4,3178,8682,4,0,14,3,2,3,23,2,2,2,0,0,1,0
22,1468,3,3,1,49,2,5,2,2297,10834,1,0,10,3,2,0,14,2,3,4,7,2,6,0
26,566,24,4,1,43,1,1,1,5955,15705,0,1,12,3,4,1,1,0,3,2,2,1,5,1
48,1148,9,3,3,46,4,2,4,4916,12202,7,0,16,4,1,2,12,1,2,0,3,0,2,0
29,574,1,3,4,85,4,3,2,5718,12402,1,0,12,3,3,3,1,6,4,0,0,1,6,0
25,875,6,4,3,69,4,3,1,4664,22884,2,0,23,4,4,3,31,1,3,12,0,3,4,0
41,1303,2,4,4,30,3,3,2,2447,16757,1,0,22,3,3,2,14,3,4,0,0,1,0,0
47,933,1,5,1,60,4,2,2,6353,20397,7,1,11,3,2,0,18,1,3,0,0,0,0,1
43,1497,2,1,3,58,4,2,3,12850,8607,1,0,13,4,3,0,9,3,2,2,2,5,1,0
45,1059,1,3,2,37,4,2,4,6030,14207,4,0,22,4,4,2,26,5,2,1,5,0,0,0
28,821,8,4,3,77,3,5,4,3972,16145,0,0,22,3,3,2,7,1,4,2,2,0,2,0
21,720,2,4,1,79,3,2,3,2406,11169,1,0,24,3,4,2,5,1,1,0,0,0,2,0
51,850,8,3,4,80,4,4,3,3121,10043,3,1,24,4,3,0,14,3,4,0,0,4,2,1
32,872,1,2,2,80,3,1,3,6164,22795,5,0,24,3,2,1,19,3,3,8,2,1,0,0
33,568,1,4,4,30,3,5,2,8404,23970,3,1,16,3,2,0,29,3,2,7,1,2,4,1
49,869,1,4,3,96,3,3,1,5599,9339,1,0,13,3,3,1,24,1,3,0,12,7,1,0
41,964,1,1,4,86,3,2,4,7331,13933,1,0,21,3,3,0,21,2,2,5,4,3,1,0
40,1222,1,3,3,93,3,2,2,7001,24290,3,0,14,3,3,3,6,4,1,4,4,0,15,0
57,1156,1,2,4,31,1,1,2,6331,9413,1,0,22,3,4,0,6,3,4,6,0,3,0,0
29,1208,4,3,1,95,4,1,3,3536,18941,3,0,18,2,4,1,4,4,3,3,4,2,1,0
45,508,1,1,4,86,3,1,3,5361,24527,2,0,21,3,2,0,10,4,3,1,0,0,3,0
36,717,2,3,4,88,3,1,1,3215,24629,0,0,14,3,4,1,0,2,2,5,2,0,6,0
38,1161,2,3,2,36,2,2,2,4957,16010,0,0,17,3,3,1,22,1,1,2,1,2,0,0
51,983,10,3,1,81,1,3,3,5798,10766,2,1,18,3,1,3,3,2,3,1,2,0,3,0
41,505,11,3,3,97,2,2,4,11377,11435,3,0,24,3,1,0,2,2,3,2,0,0,7,0
41,1304,3,4,4,77,3,1,2,2553,23123,1,0,13,3,3,0,8,1,4,7,1,2,1,0
46,1272,2,2,3,69,1,4,3,6252,23498,2,0,24,4,3,2,1,2,3,3,0,4,1,0
32,1048,1,2,3,96,4,2,3,10307,18333,1,0,22,3,2,0,17,6,4,1,0,0,3,0
27,566,15,4,2,61,2,5,4,7182,21024,1,0,20,3,1,0,4,2,2,8,3,1,0,0
25,1266,1,2,1,71,2,3,3,7453,20578,1,0,21,3,2,1,16,3,1,10,9,1,1,0
18,1083,1,5,4,63,2,1,2,6593,19250,3,0,19,1,4,1,19,2,2,2,4,2,6,0
56,1281,1,4,1,95,1,2,3,9406,22063,1,0,13,4,4,0,7,1,4,2,1,10,2,0
24,1251,1,3,3,35,4,3,4,2853,19651,4,1,12,3,3,0,6,1,4,4,0,2,0,0
33,1303,1,5,4,65,4,1,1,2457,17078,3,0,22,4,4,2,5,1,2,0,0,1,1,1
33,1018,7,1,2,78,3,1,3,4899,12028,4,1,20,2,3,1,3,2,1,5,0,9,2,1
39,640,1,3,4,85,2,1,1,2000,20646,2,0,13,3,4,0,8,2,3,7,11,0,1,0
44,1171,5,3,1,70,2,1,1,9093,16048,1,0,19,3,3,0,12,1,4,2,1,0,3,0
44,1120,1,3,3,93,3,2,3,9048,13011,1,0,16,3,3,1,0,4,4,0,5,1,4,0
30,1242,1,5,2,95,4,2,2,3957,21633,2,0,12,4,2,0,6,0,2,0,3,0,1,1
34,669,12,1,4,34,2,1,4,4083,19844,2,0,17,1,3,2,13,1,3,5,2,0,13,0
38,694,1,3,3,58,3,3,3,4740,23934,2,1,14,3,1,1,12,4,4,1,8,0,7,0
33,1390,8,3,3,31,3,2,3,5044,10812,4,1,11,3,2,1,0,2,2,3,0,2,0,0
52,1249,3,3,3,53,2,1,3,5237,19036,1,0,17,4,1,3,17,2,3,2,1,4,0,0
40,1408,1,2,2,67,3,1,3,6497,12152,2,0,18,4,3,0,21,2,3,0,6,0,1,0
43,1258,15,3,4,93,1,1,1,4508,23360,1,1,10,3,4,0,7,4,2,3,2,1,0,1
42,1097,1,4,3,89,4,2,4,7876,9691,1,0,16,3,3,1,0,3,4,3,0,0,1,0
47,1154,9,2,4,38,2,1,4,6142,19154,3,0,13,3,4,1,5,4,4,4,0,2,1,0
37,1389,1,4,2,36,3,2,2,3628,21448,1,0,10,3,3,0,5,3,3,1,4,1,0,0
23,1078,9,3,4,71,1,3,2,9581,14033,4,1,11,3,3,0,21,1,2,1,0,5,0,1
39,1132,1,4,2,67,4,2,2,2492,24220,2,0,12,3,2,0,3,1,3,8,7,0,0,0
29,656,3,4,3,48,2,1,4,4693,22462,0,0,12,4,4,0,9,4,2,6,0,1,0,0
30,973,7,2,2,92,4,2,4,7970,13008,5,0,22,4,1,2,25,1,2,7,2,0,1,0
41,1216,13,3,4,94,4,2,4,3423,8128,3,0,16,3,4,1,13,0,3,0,2,1,1,0
48,770,11,4,2,58,4,4,4,5737,13043,2,0,12,3,3,1,13,0,3,1,2,3,8,0
36,702,8,3,4,92,3,3,3,6448,12782,0,0,11,4,3,0,11,4,1,4,1,4,0,0
39,813,10,5,4,56,3,2,3,3196,23129,0,0,14,3,2,0,19,1,3,9,5,1,7,0
53,741,1,3,2,81,3,2,4,4739,24441,4,0,21,3,3,0,15,1,1,11,3,3,0,0
38,714,1,2,3,63,2,2,3,4544,9197,1,0,15,4,4,0,26,2,4,8,4,0,2,0
60,924,1,3,1,38,3,4,3,3729,16012,1,0,12,3,4,0,27,3,4,0,0,0,0,0
41,1407,2,5,3,94,2,1,3,15534,17321,1,1,16,3,4,0,14,3,3,8,0,3,5,0
18,1007,2,3,4,61,4,5,3,3355,9579,4,1,18,3,3,1,11,2,3,11,0,0,0,0
43,687,3,4,4,81,1,3,3,8123,14417,1,0,10,3,3,2,13,3,2,0,0,0,9,0
39,576,1,4,3,55,3,3,3,4038,13390,6,0,19,3,1,0,7,0,3,2,3,0,0,0
48,1196,5,3,2,31,3,1,4,2854,17112,3,1,15,3,4,3,13,1,4,3,2,0,0,0
42,882,1,1,3,37,3,2,3,5174,19240,0,0,10,3,3,2,0,2,2,1,4,0,1,0
34,1321,1,4,1,64,3,2,3,6799,19959,1,0,20,4,3,3,6,2,3,3,0,3,4,0
23,1159,3,3,4,78,2,1,4,7787,10324,3,1,20,3,4,2,18,2,3,10,1,1,9,0
33,1296,7,4,3,53,3,1,3,10733,21820,2,0,19,3,3,1,16,3,3,10,6,1,1,0
27,771,6,3,4,78,2,4,2,20000,19535,2,1,15,3,3,1,10,4,3,14,8,0,4,0
30,1192,5,3,2,78,4,2,1,5570,23114,2,1,17,3,2,0,15,1,4,3,7,1,3,1
41,764,1,4,3,79,4,2,3,3527,15638,1,0,15,3,3,2,24,2,2,2,5,2,2,0
52,1439,3,3,3,64,4,1,3,6163,23196,1,1,20,3,4,1,8,1,3,5,3,4,3,0
39,1136,1,3,1,94,1,3,4,4302,22718,2,0,18,3,3,1,0,5,4,2,7,7,0,0
24,824,2,3,3,64,2,3,3,7808,15452,1,0,11,3,2,1,17,1,3,0,3,1,1,0
40,769,2,3,4,61,2,2,3,2569,14479,2,0,19,3,1,1,16,2,4,6,9,9,4,0
